chave_data,data,ano,mes,dia,nome_dia_semana,fim_de_semana,trimestre,alta_temporada,feriado,nome_feriado
20300101,2030-01-01,2030,1,1,Terça-feira,False,1,False,True,Confraternização Universal
20300102,2030-01-02,2030,1,2,Quarta-feira,False,1,False,False,
20300103,2030-01-03,2030,1,3,Quinta-feira,False,1,False,False,
20300104,2030-01-04,2030,1,4,Sexta-feira,False,1,False,False,
20300105,2030-01-05,2030,1,5,Sábado,True,1,False,False,
20300106,2030-01-06,2030,1,6,Domingo,True,1,False,False,
20300107,2030-01-07,2030,1,7,Segunda-feira,False,1,False,False,
20300108,2030-01-08,2030,1,8,Terça-feira,False,1,False,False,
20300109,2030-01-09,2030,1,9,Quarta-feira,False,1,False,False,
20300110,2030-01-10,2030,1,10,Quinta-feira,False,1,False,False,
20300111,2030-01-11,2030,1,11,Sexta-feira,False,1,False,False,
20300112,2030-01-12,2030,1,12,Sábado,True,1,False,False,
20300113,2030-01-13,2030,1,13,Domingo,True,1,False,False,
20300114,2030-01-14,2030,1,14,Segunda-feira,False,1,False,False,
20300115,2030-01-15,2030,1,15,Terça-feira,False,1,False,False,
20300116,2030-01-16,2030,1,16,Quarta-feira,False,1,False,False,
20300117,2030-01-17,2030,1,17,Quinta-feira,False,1,False,False,
20300118,2030-01-18,2030,1,18,Sexta-feira,False,1,False,False,
20300119,2030-01-19,2030,1,19,Sábado,True,1,False,False,
20300120,2030-01-20,2030,1,20,Domingo,True,1,False,False,
20300121,2030-01-21,2030,1,21,Segunda-feira,False,1,False,False,
20300122,2030-01-22,2030,1,22,Terça-feira,False,1,False,False,
20300123,2030-01-23,2030,1,23,Quarta-feira,False,1,False,False,
20300124,2030-01-24,2030,1,24,Quinta-feira,False,1,False,False,
20300125,2030-01-25,2030,1,25,Sexta-feira,False,1,False,False,
20300126,2030-01-26,2030,1,26,Sábado,True,1,False,False,
20300127,2030-01-27,2030,1,27,Domingo,True,1,False,False,
20300128,2030-01-28,2030,1,28,Segunda-feira,False,1,False,False,
20300129,2030-01-29,2030,1,29,Terça-feira,False,1,False,False,
20300130,2030-01-30,2030,1,30,Quarta-feira,False,1,False,False,
20300131,2030-01-31,2030,1,31,Quinta-feira,False,1,False,False,
20300201,2030-02-01,2030,2,1,Sexta-feira,False,1,False,False,
20300202,2030-02-02,2030,2,2,Sábado,True,1,False,False,
20300203,2030-02-03,2030,2,3,Domingo,True,1,False,False,
20300204,2030-02-04,2030,2,4,Segunda-feira,False,1,False,False,
20300205,2030-02-05,2030,2,5,Terça-feira,False,1,False,False,
20300206,2030-02-06,2030,2,6,Quarta-feira,False,1,False,False,
20300207,2030-02-07,2030,2,7,Quinta-feira,False,1,False,False,
20300208,2030-02-08,2030,2,8,Sexta-feira,False,1,False,False,
20300209,2030-02-09,2030,2,9,Sábado,True,1,False,False,
20300210,2030-02-10,2030,2,10,Domingo,True,1,False,False,
20300211,2030-02-11,2030,2,11,Segunda-feira,False,1,False,False,
20300212,2030-02-12,2030,2,12,Terça-feira,False,1,False,False,
20300213,2030-02-13,2030,2,13,Quarta-feira,False,1,False,False,
20300214,2030-02-14,2030,2,14,Quinta-feira,False,1,False,False,
20300215,2030-02-15,2030,2,15,Sexta-feira,False,1,False,False,
20300216,2030-02-16,2030,2,16,Sábado,True,1,False,False,
20300217,2030-02-17,2030,2,17,Domingo,True,1,False,False,
20300218,2030-02-18,2030,2,18,Segunda-feira,False,1,False,False,
20300219,2030-02-19,2030,2,19,Terça-feira,False,1,False,False,
20300220,2030-02-20,2030,2,20,Quarta-feira,False,1,False,False,
20300221,2030-02-21,2030,2,21,Quinta-feira,False,1,False,False,
20300222,2030-02-22,2030,2,22,Sexta-feira,False,1,False,False,
20300223,2030-02-23,2030,2,23,Sábado,True,1,False,False,
20300224,2030-02-24,2030,2,24,Domingo,True,1,False,False,
20300225,2030-02-25,2030,2,25,Segunda-feira,False,1,False,False,
20300226,2030-02-26,2030,2,26,Terça-feira,False,1,False,False,
20300227,2030-02-27,2030,2,27,Quarta-feira,False,1,False,False,
20300228,2030-02-28,2030,2,28,Quinta-feira,False,1,False,False,
20300301,2030-03-01,2030,3,1,Sexta-feira,False,1,False,False,
20300302,2030-03-02,2030,3,2,Sábado,True,1,False,False,
20300303,2030-03-03,2030,3,3,Domingo,True,1,False,False,
20300304,2030-03-04,2030,3,4,Segunda-feira,False,1,False,True,Carnaval
20300305,2030-03-05,2030,3,5,Terça-feira,False,1,False,True,Carnaval
20300306,2030-03-06,2030,3,6,Quarta-feira,False,1,False,True,Quarta-feira de Cinzas
20300307,2030-03-07,2030,3,7,Quinta-feira,False,1,False,False,
20300308,2030-03-08,2030,3,8,Sexta-feira,False,1,False,False,
20300309,2030-03-09,2030,3,9,Sábado,True,1,False,False,
20300310,2030-03-10,2030,3,10,Domingo,True,1,False,False,
20300311,2030-03-11,2030,3,11,Segunda-feira,False,1,False,False,
20300312,2030-03-12,2030,3,12,Terça-feira,False,1,False,False,
20300313,2030-03-13,2030,3,13,Quarta-feira,False,1,False,False,
20300314,2030-03-14,2030,3,14,Quinta-feira,False,1,False,False,
20300315,2030-03-15,2030,3,15,Sexta-feira,False,1,False,False,
20300316,2030-03-16,2030,3,16,Sábado,True,1,False,False,
20300317,2030-03-17,2030,3,17,Domingo,True,1,False,False,
20300318,2030-03-18,2030,3,18,Segunda-feira,False,1,False,False,
20300319,2030-03-19,2030,3,19,Terça-feira,False,1,False,False,
20300320,2030-03-20,2030,3,20,Quarta-feira,False,1,False,False,
20300321,2030-03-21,2030,3,21,Quinta-feira,False,1,False,False,
20300322,2030-03-22,2030,3,22,Sexta-feira,False,1,False,False,
20300323,2030-03-23,2030,3,23,Sábado,True,1,False,False,
20300324,2030-03-24,2030,3,24,Domingo,True,1,False,False,
20300325,2030-03-25,2030,3,25,Segunda-feira,False,1,False,False,
20300326,2030-03-26,2030,3,26,Terça-feira,False,1,False,False,
20300327,2030-03-27,2030,3,27,Quarta-feira,False,1,False,False,
20300328,2030-03-28,2030,3,28,Quinta-feira,False,1,False,False,
20300329,2030-03-29,2030,3,29,Sexta-feira,False,1,False,False,
20300330,2030-03-30,2030,3,30,Sábado,True,1,False,False,
20300331,2030-03-31,2030,3,31,Domingo,True,1,False,False,
20300401,2030-04-01,2030,4,1,Segunda-feira,False,2,False,False,
20300402,2030-04-02,2030,4,2,Terça-feira,False,2,False,False,
20300403,2030-04-03,2030,4,3,Quarta-feira,False,2,False,False,
20300404,2030-04-04,2030,4,4,Quinta-feira,False,2,False,False,
20300405,2030-04-05,2030,4,5,Sexta-feira,False,2,False,False,
20300406,2030-04-06,2030,4,6,Sábado,True,2,False,False,
20300407,2030-04-07,2030,4,7,Domingo,True,2,False,False,
20300408,2030-04-08,2030,4,8,Segunda-feira,False,2,False,False,
20300409,2030-04-09,2030,4,9,Terça-feira,False,2,False,False,
20300410,2030-04-10,2030,4,10,Quarta-feira,False,2,False,False,
20300411,2030-04-11,2030,4,11,Quinta-feira,False,2,False,False,
20300412,2030-04-12,2030,4,12,Sexta-feira,False,2,False,False,
20300413,2030-04-13,2030,4,13,Sábado,True,2,False,False,
20300414,2030-04-14,2030,4,14,Domingo,True,2,False,False,
20300415,2030-04-15,2030,4,15,Segunda-feira,False,2,False,False,
20300416,2030-04-16,2030,4,16,Terça-feira,False,2,False,False,
20300417,2030-04-17,2030,4,17,Quarta-feira,False,2,False,False,
20300418,2030-04-18,2030,4,18,Quinta-feira,False,2,False,False,
20300419,2030-04-19,2030,4,19,Sexta-feira,False,2,False,True,Sexta-feira Santa
20300420,2030-04-20,2030,4,20,Sábado,True,2,False,False,
20300421,2030-04-21,2030,4,21,Domingo,True,2,False,True,Tiradentes
20300422,2030-04-22,2030,4,22,Segunda-feira,False,2,False,False,
20300423,2030-04-23,2030,4,23,Terça-feira,False,2,False,False,
20300424,2030-04-24,2030,4,24,Quarta-feira,False,2,False,False,
20300425,2030-04-25,2030,4,25,Quinta-feira,False,2,False,False,
20300426,2030-04-26,2030,4,26,Sexta-feira,False,2,False,False,
20300427,2030-04-27,2030,4,27,Sábado,True,2,False,False,
20300428,2030-04-28,2030,4,28,Domingo,True,2,False,False,
20300429,2030-04-29,2030,4,29,Segunda-feira,False,2,False,False,
20300430,2030-04-30,2030,4,30,Terça-feira,False,2,False,False,
20300501,2030-05-01,2030,5,1,Quarta-feira,False,2,False,True,Dia do Trabalhador
20300502,2030-05-02,2030,5,2,Quinta-feira,False,2,False,False,
20300503,2030-05-03,2030,5,3,Sexta-feira,False,2,False,False,
20300504,2030-05-04,2030,5,4,Sábado,True,2,False,False,
20300505,2030-05-05,2030,5,5,Domingo,True,2,False,False,
20300506,2030-05-06,2030,5,6,Segunda-feira,False,2,False,False,
20300507,2030-05-07,2030,5,7,Terça-feira,False,2,False,False,
20300508,2030-05-08,2030,5,8,Quarta-feira,False,2,False,False,
20300509,2030-05-09,2030,5,9,Quinta-feira,False,2,False,False,
20300510,2030-05-10,2030,5,10,Sexta-feira,False,2,False,False,
20300511,2030-05-11,2030,5,11,Sábado,True,2,False,False,
20300512,2030-05-12,2030,5,12,Domingo,True,2,False,False,
20300513,2030-05-13,2030,5,13,Segunda-feira,False,2,False,False,
20300514,2030-05-14,2030,5,14,Terça-feira,False,2,False,False,
20300515,2030-05-15,2030,5,15,Quarta-feira,False,2,False,False,
20300516,2030-05-16,2030,5,16,Quinta-feira,False,2,False,False,
20300517,2030-05-17,2030,5,17,Sexta-feira,False,2,False,False,
20300518,2030-05-18,2030,5,18,Sábado,True,2,False,False,
20300519,2030-05-19,2030,5,19,Domingo,True,2,False,False,
20300520,2030-05-20,2030,5,20,Segunda-feira,False,2,False,False,
20300521,2030-05-21,2030,5,21,Terça-feira,False,2,False,False,
20300522,2030-05-22,2030,5,22,Quarta-feira,False,2,False,False,
20300523,2030-05-23,2030,5,23,Quinta-feira,False,2,False,False,
20300524,2030-05-24,2030,5,24,Sexta-feira,False,2,False,False,
20300525,2030-05-25,2030,5,25,Sábado,True,2,False,False,
20300526,2030-05-26,2030,5,26,Domingo,True,2,False,False,
20300527,2030-05-27,2030,5,27,Segunda-feira,False,2,False,False,
20300528,2030-05-28,2030,5,28,Terça-feira,False,2,False,False,
20300529,2030-05-29,2030,5,29,Quarta-feira,False,2,False,False,
20300530,2030-05-30,2030,5,30,Quinta-feira,False,2,False,False,
20300531,2030-05-31,2030,5,31,Sexta-feira,False,2,False,False,
20300601,2030-06-01,2030,6,1,Sábado,True,2,False,False,
20300602,2030-06-02,2030,6,2,Domingo,True,2,False,False,
20300603,2030-06-03,2030,6,3,Segunda-feira,False,2,False,False,
20300604,2030-06-04,2030,6,4,Terça-feira,False,2,False,False,
20300605,2030-06-05,2030,6,5,Quarta-feira,False,2,False,False,
20300606,2030-06-06,2030,6,6,Quinta-feira,False,2,False,False,
20300607,2030-06-07,2030,6,7,Sexta-feira,False,2,False,False,
20300608,2030-06-08,2030,6,8,Sábado,True,2,False,False,
20300609,2030-06-09,2030,6,9,Domingo,True,2,False,False,
20300610,2030-06-10,2030,6,10,Segunda-feira,False,2,False,False,
20300611,2030-06-11,2030,6,11,Terça-feira,False,2,False,False,
20300612,2030-06-12,2030,6,12,Quarta-feira,False,2,False,False,
20300613,2030-06-13,2030,6,13,Quinta-feira,False,2,False,False,
20300614,2030-06-14,2030,6,14,Sexta-feira,False,2,False,False,
20300615,2030-06-15,2030,6,15,Sábado,True,2,False,False,
20300616,2030-06-16,2030,6,16,Domingo,True,2,False,False,
20300617,2030-06-17,2030,6,17,Segunda-feira,False,2,False,False,
20300618,2030-06-18,2030,6,18,Terça-feira,False,2,False,False,
20300619,2030-06-19,2030,6,19,Quarta-feira,False,2,False,False,
20300620,2030-06-20,2030,6,20,Quinta-feira,False,2,False,True,Corpus Christi
20300621,2030-06-21,2030,6,21,Sexta-feira,False,2,False,False,
20300622,2030-06-22,2030,6,22,Sábado,True,2,False,False,
20300623,2030-06-23,2030,6,23,Domingo,True,2,False,False,
20300624,2030-06-24,2030,6,24,Segunda-feira,False,2,False,False,
20300625,2030-06-25,2030,6,25,Terça-feira,False,2,False,False,
20300626,2030-06-26,2030,6,26,Quarta-feira,False,2,False,False,
20300627,2030-06-27,2030,6,27,Quinta-feira,False,2,False,False,
20300628,2030-06-28,2030,6,28,Sexta-feira,False,2,False,False,
20300629,2030-06-29,2030,6,29,Sábado,True,2,False,False,
20300630,2030-06-30,2030,6,30,Domingo,True,2,False,False,
20300701,2030-07-01,2030,7,1,Segunda-feira,False,3,True,False,
20300702,2030-07-02,2030,7,2,Terça-feira,False,3,True,False,
20300703,2030-07-03,2030,7,3,Quarta-feira,False,3,True,False,
20300704,2030-07-04,2030,7,4,Quinta-feira,False,3,True,False,
20300705,2030-07-05,2030,7,5,Sexta-feira,False,3,True,False,
20300706,2030-07-06,2030,7,6,Sábado,True,3,True,False,
20300707,2030-07-07,2030,7,7,Domingo,True,3,True,False,
20300708,2030-07-08,2030,7,8,Segunda-feira,False,3,True,False,
20300709,2030-07-09,2030,7,9,Terça-feira,False,3,True,False,
20300710,2030-07-10,2030,7,10,Quarta-feira,False,3,True,False,
20300711,2030-07-11,2030,7,11,Quinta-feira,False,3,True,False,
20300712,2030-07-12,2030,7,12,Sexta-feira,False,3,True,False,
20300713,2030-07-13,2030,7,13,Sábado,True,3,True,False,
20300714,2030-07-14,2030,7,14,Domingo,True,3,True,False,
20300715,2030-07-15,2030,7,15,Segunda-feira,False,3,True,False,
20300716,2030-07-16,2030,7,16,Terça-feira,False,3,True,False,
20300717,2030-07-17,2030,7,17,Quarta-feira,False,3,True,False,
20300718,2030-07-18,2030,7,18,Quinta-feira,False,3,True,False,
20300719,2030-07-19,2030,7,19,Sexta-feira,False,3,True,False,
20300720,2030-07-20,2030,7,20,Sábado,True,3,True,False,
20300721,2030-07-21,2030,7,21,Domingo,True,3,True,False,
20300722,2030-07-22,2030,7,22,Segunda-feira,False,3,True,False,
20300723,2030-07-23,2030,7,23,Terça-feira,False,3,True,False,
20300724,2030-07-24,2030,7,24,Quarta-feira,False,3,True,False,
20300725,2030-07-25,2030,7,25,Quinta-feira,False,3,True,False,
20300726,2030-07-26,2030,7,26,Sexta-feira,False,3,True,True,Fundação da cidade de Goiás
20300727,2030-07-27,2030,7,27,Sábado,True,3,True,False,
20300728,2030-07-28,2030,7,28,Domingo,True,3,True,False,
20300729,2030-07-29,2030,7,29,Segunda-feira,False,3,True,False,
20300730,2030-07-30,2030,7,30,Terça-feira,False,3,True,False,
20300731,2030-07-31,2030,7,31,Quarta-feira,False,3,True,False,
20300801,2030-08-01,2030,8,1,Quinta-feira,False,3,False,False,
20300802,2030-08-02,2030,8,2,Sexta-feira,False,3,False,False,
20300803,2030-08-03,2030,8,3,Sábado,True,3,False,False,
20300804,2030-08-04,2030,8,4,Domingo,True,3,False,False,
20300805,2030-08-05,2030,8,5,Segunda-feira,False,3,False,False,
20300806,2030-08-06,2030,8,6,Terça-feira,False,3,False,False,
20300807,2030-08-07,2030,8,7,Quarta-feira,False,3,False,False,
20300808,2030-08-08,2030,8,8,Quinta-feira,False,3,False,False,
20300809,2030-08-09,2030,8,9,Sexta-feira,False,3,False,False,
20300810,2030-08-10,2030,8,10,Sábado,True,3,False,False,
20300811,2030-08-11,2030,8,11,Domingo,True,3,False,False,
20300812,2030-08-12,2030,8,12,Segunda-feira,False,3,False,False,
20300813,2030-08-13,2030,8,13,Terça-feira,False,3,False,False,
20300814,2030-08-14,2030,8,14,Quarta-feira,False,3,False,False,
20300815,2030-08-15,2030,8,15,Quinta-feira,False,3,False,False,
20300816,2030-08-16,2030,8,16,Sexta-feira,False,3,False,False,
20300817,2030-08-17,2030,8,17,Sábado,True,3,False,False,
20300818,2030-08-18,2030,8,18,Domingo,True,3,False,False,
20300819,2030-08-19,2030,8,19,Segunda-feira,False,3,False,False,
20300820,2030-08-20,2030,8,20,Terça-feira,False,3,False,False,
20300821,2030-08-21,2030,8,21,Quarta-feira,False,3,False,False,
20300822,2030-08-22,2030,8,22,Quinta-feira,False,3,False,False,
20300823,2030-08-23,2030,8,23,Sexta-feira,False,3,False,False,
20300824,2030-08-24,2030,8,24,Sábado,True,3,False,False,
20300825,2030-08-25,2030,8,25,Domingo,True,3,False,False,
20300826,2030-08-26,2030,8,26,Segunda-feira,False,3,False,False,
20300827,2030-08-27,2030,8,27,Terça-feira,False,3,False,False,
20300828,2030-08-28,2030,8,28,Quarta-feira,False,3,False,False,
20300829,2030-08-29,2030,8,29,Quinta-feira,False,3,False,False,
20300830,2030-08-30,2030,8,30,Sexta-feira,False,3,False,False,
20300831,2030-08-31,2030,8,31,Sábado,True,3,False,False,
20300901,2030-09-01,2030,9,1,Domingo,True,3,False,False,
20300902,2030-09-02,2030,9,2,Segunda-feira,False,3,False,False,
20300903,2030-09-03,2030,9,3,Terça-feira,False,3,False,False,
20300904,2030-09-04,2030,9,4,Quarta-feira,False,3,False,False,
20300905,2030-09-05,2030,9,5,Quinta-feira,False,3,False,False,
20300906,2030-09-06,2030,9,6,Sexta-feira,False,3,False,False,
20300907,2030-09-07,2030,9,7,Sábado,True,3,False,True,Independência do Brasil
20300908,2030-09-08,2030,9,8,Domingo,True,3,False,False,
20300909,2030-09-09,2030,9,9,Segunda-feira,False,3,False,False,
20300910,2030-09-10,2030,9,10,Terça-feira,False,3,False,False,
20300911,2030-09-11,2030,9,11,Quarta-feira,False,3,False,False,
20300912,2030-09-12,2030,9,12,Quinta-feira,False,3,False,False,
20300913,2030-09-13,2030,9,13,Sexta-feira,False,3,False,False,
20300914,2030-09-14,2030,9,14,Sábado,True,3,False,False,
20300915,2030-09-15,2030,9,15,Domingo,True,3,False,False,
20300916,2030-09-16,2030,9,16,Segunda-feira,False,3,False,False,
20300917,2030-09-17,2030,9,17,Terça-feira,False,3,False,False,
20300918,2030-09-18,2030,9,18,Quarta-feira,False,3,False,False,
20300919,2030-09-19,2030,9,19,Quinta-feira,False,3,False,False,
20300920,2030-09-20,2030,9,20,Sexta-feira,False,3,False,False,
20300921,2030-09-21,2030,9,21,Sábado,True,3,False,False,
20300922,2030-09-22,2030,9,22,Domingo,True,3,False,False,
20300923,2030-09-23,2030,9,23,Segunda-feira,False,3,False,False,
20300924,2030-09-24,2030,9,24,Terça-feira,False,3,False,False,
20300925,2030-09-25,2030,9,25,Quarta-feira,False,3,False,False,
20300926,2030-09-26,2030,9,26,Quinta-feira,False,3,False,False,
20300927,2030-09-27,2030,9,27,Sexta-feira,False,3,False,False,
20300928,2030-09-28,2030,9,28,Sábado,True,3,False,False,
20300929,2030-09-29,2030,9,29,Domingo,True,3,False,False,
20300930,2030-09-30,2030,9,30,Segunda-feira,False,3,False,False,
20301001,2030-10-01,2030,10,1,Terça-feira,False,4,False,False,
20301002,2030-10-02,2030,10,2,Quarta-feira,False,4,False,False,
20301003,2030-10-03,2030,10,3,Quinta-feira,False,4,False,False,
20301004,2030-10-04,2030,10,4,Sexta-feira,False,4,False,False,
20301005,2030-10-05,2030,10,5,Sábado,True,4,False,False,
20301006,2030-10-06,2030,10,6,Domingo,True,4,False,False,
20301007,2030-10-07,2030,10,7,Segunda-feira,False,4,False,False,
20301008,2030-10-08,2030,10,8,Terça-feira,False,4,False,False,
20301009,2030-10-09,2030,10,9,Quarta-feira,False,4,False,False,
20301010,2030-10-10,2030,10,10,Quinta-feira,False,4,False,False,
20301011,2030-10-11,2030,10,11,Sexta-feira,False,4,False,False,
20301012,2030-10-12,2030,10,12,Sábado,True,4,False,True,Nossa Senhora Aparecida
20301013,2030-10-13,2030,10,13,Domingo,True,4,False,False,
20301014,2030-10-14,2030,10,14,Segunda-feira,False,4,False,False,
20301015,2030-10-15,2030,10,15,Terça-feira,False,4,False,False,
20301016,2030-10-16,2030,10,16,Quarta-feira,False,4,False,False,
20301017,2030-10-17,2030,10,17,Quinta-feira,False,4,False,False,
20301018,2030-10-18,2030,10,18,Sexta-feira,False,4,False,False,
20301019,2030-10-19,2030,10,19,Sábado,True,4,False,False,
20301020,2030-10-20,2030,10,20,Domingo,True,4,False,False,
20301021,2030-10-21,2030,10,21,Segunda-feira,False,4,False,False,
20301022,2030-10-22,2030,10,22,Terça-feira,False,4,False,False,
20301023,2030-10-23,2030,10,23,Quarta-feira,False,4,False,False,
20301024,2030-10-24,2030,10,24,Quinta-feira,False,4,False,True,Pedra fundamental de Goiânia
20301025,2030-10-25,2030,10,25,Sexta-feira,False,4,False,False,
20301026,2030-10-26,2030,10,26,Sábado,True,4,False,False,
20301027,2030-10-27,2030,10,27,Domingo,True,4,False,False,
20301028,2030-10-28,2030,10,28,Segunda-feira,False,4,False,True,Dia do Servidor Público
20301029,2030-10-29,2030,10,29,Terça-feira,False,4,False,False,
20301030,2030-10-30,2030,10,30,Quarta-feira,False,4,False,False,
20301031,2030-10-31,2030,10,31,Quinta-feira,False,4,False,False,
20301101,2030-11-01,2030,11,1,Sexta-feira,False,4,False,False,
20301102,2030-11-02,2030,11,2,Sábado,True,4,False,True,Finados
20301103,2030-11-03,2030,11,3,Domingo,True,4,False,False,
20301104,2030-11-04,2030,11,4,Segunda-feira,False,4,False,False,
20301105,2030-11-05,2030,11,5,Terça-feira,False,4,False,False,
20301106,2030-11-06,2030,11,6,Quarta-feira,False,4,False,False,
20301107,2030-11-07,2030,11,7,Quinta-feira,False,4,False,False,
20301108,2030-11-08,2030,11,8,Sexta-feira,False,4,False,False,
20301109,2030-11-09,2030,11,9,Sábado,True,4,False,False,
20301110,2030-11-10,2030,11,10,Domingo,True,4,False,False,
20301111,2030-11-11,2030,11,11,Segunda-feira,False,4,False,False,
20301112,2030-11-12,2030,11,12,Terça-feira,False,4,False,False,
20301113,2030-11-13,2030,11,13,Quarta-feira,False,4,False,False,
20301114,2030-11-14,2030,11,14,Quinta-feira,False,4,False,False,
20301115,2030-11-15,2030,11,15,Sexta-feira,False,4,False,True,Proclamação da República
20301116,2030-11-16,2030,11,16,Sábado,True,4,False,False,
20301117,2030-11-17,2030,11,17,Domingo,True,4,False,False,
20301118,2030-11-18,2030,11,18,Segunda-feira,False,4,False,False,
20301119,2030-11-19,2030,11,19,Terça-feira,False,4,False,False,
20301120,2030-11-20,2030,11,20,Quarta-feira,False,4,False,True,Dia Nacional de Zumbi e da Consciência Negra
20301121,2030-11-21,2030,11,21,Quinta-feira,False,4,False,False,
20301122,2030-11-22,2030,11,22,Sexta-feira,False,4,False,False,
20301123,2030-11-23,2030,11,23,Sábado,True,4,False,False,
20301124,2030-11-24,2030,11,24,Domingo,True,4,False,False,
20301125,2030-11-25,2030,11,25,Segunda-feira,False,4,False,False,
20301126,2030-11-26,2030,11,26,Terça-feira,False,4,False,False,
20301127,2030-11-27,2030,11,27,Quarta-feira,False,4,False,False,
20301128,2030-11-28,2030,11,28,Quinta-feira,False,4,False,False,
20301129,2030-11-29,2030,11,29,Sexta-feira,False,4,False,False,
20301130,2030-11-30,2030,11,30,Sábado,True,4,False,False,
20301201,2030-12-01,2030,12,1,Domingo,True,4,False,False,
20301202,2030-12-02,2030,12,2,Segunda-feira,False,4,False,False,
20301203,2030-12-03,2030,12,3,Terça-feira,False,4,False,False,
20301204,2030-12-04,2030,12,4,Quarta-feira,False,4,False,False,
20301205,2030-12-05,2030,12,5,Quinta-feira,False,4,False,False,
20301206,2030-12-06,2030,12,6,Sexta-feira,False,4,False,False,
20301207,2030-12-07,2030,12,7,Sábado,True,4,False,False,
20301208,2030-12-08,2030,12,8,Domingo,True,4,False,False,
20301209,2030-12-09,2030,12,9,Segunda-feira,False,4,False,False,
20301210,2030-12-10,2030,12,10,Terça-feira,False,4,False,False,
20301211,2030-12-11,2030,12,11,Quarta-feira,False,4,False,False,
20301212,2030-12-12,2030,12,12,Quinta-feira,False,4,False,False,
20301213,2030-12-13,2030,12,13,Sexta-feira,False,4,False,False,
20301214,2030-12-14,2030,12,14,Sábado,True,4,False,False,
20301215,2030-12-15,2030,12,15,Domingo,True,4,False,False,
20301216,2030-12-16,2030,12,16,Segunda-feira,False,4,False,False,
20301217,2030-12-17,2030,12,17,Terça-feira,False,4,False,False,
20301218,2030-12-18,2030,12,18,Quarta-feira,False,4,False,False,
20301219,2030-12-19,2030,12,19,Quinta-feira,False,4,False,False,
20301220,2030-12-20,2030,12,20,Sexta-feira,False,4,False,False,
20301221,2030-12-21,2030,12,21,Sábado,True,4,False,False,
20301222,2030-12-22,2030,12,22,Domingo,True,4,False,False,
20301223,2030-12-23,2030,12,23,Segunda-feira,False,4,False,False,
20301224,2030-12-24,2030,12,24,Terça-feira,False,4,False,True,Véspera de Natal
20301225,2030-12-25,2030,12,25,Quarta-feira,False,4,False,True,Natal
20301226,2030-12-26,2030,12,26,Quinta-feira,False,4,False,False,
20301227,2030-12-27,2030,12,27,Sexta-feira,False,4,False,False,
20301228,2030-12-28,2030,12,28,Sábado,True,4,False,False,
20301229,2030-12-29,2030,12,29,Domingo,True,4,False,False,
20301230,2030-12-30,2030,12,30,Segunda-feira,False,4,False,False,
20301231,2030-12-31,2030,12,31,Terça-feira,False,4,False,True,Véspera de Ano-Novo
20310101,2031-01-01,2031,1,1,Quarta-feira,False,1,False,True,Confraternização Universal
20310102,2031-01-02,2031,1,2,Quinta-feira,False,1,False,False,
20310103,2031-01-03,2031,1,3,Sexta-feira,False,1,False,False,
20310104,2031-01-04,2031,1,4,Sábado,True,1,False,False,
20310105,2031-01-05,2031,1,5,Domingo,True,1,False,False,
20310106,2031-01-06,2031,1,6,Segunda-feira,False,1,False,False,
20310107,2031-01-07,2031,1,7,Terça-feira,False,1,False,False,
20310108,2031-01-08,2031,1,8,Quarta-feira,False,1,False,False,
20310109,2031-01-09,2031,1,9,Quinta-feira,False,1,False,False,
20310110,2031-01-10,2031,1,10,Sexta-feira,False,1,False,False,
20310111,2031-01-11,2031,1,11,Sábado,True,1,False,False,
20310112,2031-01-12,2031,1,12,Domingo,True,1,False,False,
20310113,2031-01-13,2031,1,13,Segunda-feira,False,1,False,False,
20310114,2031-01-14,2031,1,14,Terça-feira,False,1,False,False,
20310115,2031-01-15,2031,1,15,Quarta-feira,False,1,False,False,
20310116,2031-01-16,2031,1,16,Quinta-feira,False,1,False,False,
20310117,2031-01-17,2031,1,17,Sexta-feira,False,1,False,False,
20310118,2031-01-18,2031,1,18,Sábado,True,1,False,False,
20310119,2031-01-19,2031,1,19,Domingo,True,1,False,False,
20310120,2031-01-20,2031,1,20,Segunda-feira,False,1,False,False,
20310121,2031-01-21,2031,1,21,Terça-feira,False,1,False,False,
20310122,2031-01-22,2031,1,22,Quarta-feira,False,1,False,False,
20310123,2031-01-23,2031,1,23,Quinta-feira,False,1,False,False,
20310124,2031-01-24,2031,1,24,Sexta-feira,False,1,False,False,
20310125,2031-01-25,2031,1,25,Sábado,True,1,False,False,
20310126,2031-01-26,2031,1,26,Domingo,True,1,False,False,
20310127,2031-01-27,2031,1,27,Segunda-feira,False,1,False,False,
20310128,2031-01-28,2031,1,28,Terça-feira,False,1,False,False,
20310129,2031-01-29,2031,1,29,Quarta-feira,False,1,False,False,
20310130,2031-01-30,2031,1,30,Quinta-feira,False,1,False,False,
20310131,2031-01-31,2031,1,31,Sexta-feira,False,1,False,False,
20310201,2031-02-01,2031,2,1,Sábado,True,1,False,False,
20310202,2031-02-02,2031,2,2,Domingo,True,1,False,False,
20310203,2031-02-03,2031,2,3,Segunda-feira,False,1,False,False,
20310204,2031-02-04,2031,2,4,Terça-feira,False,1,False,False,
20310205,2031-02-05,2031,2,5,Quarta-feira,False,1,False,False,
20310206,2031-02-06,2031,2,6,Quinta-feira,False,1,False,False,
20310207,2031-02-07,2031,2,7,Sexta-feira,False,1,False,False,
20310208,2031-02-08,2031,2,8,Sábado,True,1,False,False,
20310209,2031-02-09,2031,2,9,Domingo,True,1,False,False,
20310210,2031-02-10,2031,2,10,Segunda-feira,False,1,False,False,
20310211,2031-02-11,2031,2,11,Terça-feira,False,1,False,False,
20310212,2031-02-12,2031,2,12,Quarta-feira,False,1,False,False,
20310213,2031-02-13,2031,2,13,Quinta-feira,False,1,False,False,
20310214,2031-02-14,2031,2,14,Sexta-feira,False,1,False,False,
20310215,2031-02-15,2031,2,15,Sábado,True,1,False,False,
20310216,2031-02-16,2031,2,16,Domingo,True,1,False,False,
20310217,2031-02-17,2031,2,17,Segunda-feira,False,1,False,False,
20310218,2031-02-18,2031,2,18,Terça-feira,False,1,False,False,
20310219,2031-02-19,2031,2,19,Quarta-feira,False,1,False,False,
20310220,2031-02-20,2031,2,20,Quinta-feira,False,1,False,False,
20310221,2031-02-21,2031,2,21,Sexta-feira,False,1,False,False,
20310222,2031-02-22,2031,2,22,Sábado,True,1,False,False,
20310223,2031-02-23,2031,2,23,Domingo,True,1,False,False,
20310224,2031-02-24,2031,2,24,Segunda-feira,False,1,False,True,Carnaval
20310225,2031-02-25,2031,2,25,Terça-feira,False,1,False,True,Carnaval
20310226,2031-02-26,2031,2,26,Quarta-feira,False,1,False,True,Quarta-feira de Cinzas
20310227,2031-02-27,2031,2,27,Quinta-feira,False,1,False,False,
20310228,2031-02-28,2031,2,28,Sexta-feira,False,1,False,False,
20310301,2031-03-01,2031,3,1,Sábado,True,1,False,False,
20310302,2031-03-02,2031,3,2,Domingo,True,1,False,False,
20310303,2031-03-03,2031,3,3,Segunda-feira,False,1,False,False,
20310304,2031-03-04,2031,3,4,Terça-feira,False,1,False,False,
20310305,2031-03-05,2031,3,5,Quarta-feira,False,1,False,False,
20310306,2031-03-06,2031,3,6,Quinta-feira,False,1,False,False,
20310307,2031-03-07,2031,3,7,Sexta-feira,False,1,False,False,
20310308,2031-03-08,2031,3,8,Sábado,True,1,False,False,
20310309,2031-03-09,2031,3,9,Domingo,True,1,False,False,
20310310,2031-03-10,2031,3,10,Segunda-feira,False,1,False,False,
20310311,2031-03-11,2031,3,11,Terça-feira,False,1,False,False,
20310312,2031-03-12,2031,3,12,Quarta-feira,False,1,False,False,
20310313,2031-03-13,2031,3,13,Quinta-feira,False,1,False,False,
20310314,2031-03-14,2031,3,14,Sexta-feira,False,1,False,False,
20310315,2031-03-15,2031,3,15,Sábado,True,1,False,False,
20310316,2031-03-16,2031,3,16,Domingo,True,1,False,False,
20310317,2031-03-17,2031,3,17,Segunda-feira,False,1,False,False,
20310318,2031-03-18,2031,3,18,Terça-feira,False,1,False,False,
20310319,2031-03-19,2031,3,19,Quarta-feira,False,1,False,False,
20310320,2031-03-20,2031,3,20,Quinta-feira,False,1,False,False,
20310321,2031-03-21,2031,3,21,Sexta-feira,False,1,False,False,
20310322,2031-03-22,2031,3,22,Sábado,True,1,False,False,
20310323,2031-03-23,2031,3,23,Domingo,True,1,False,False,
20310324,2031-03-24,2031,3,24,Segunda-feira,False,1,False,False,
20310325,2031-03-25,2031,3,25,Terça-feira,False,1,False,False,
20310326,2031-03-26,2031,3,26,Quarta-feira,False,1,False,False,
20310327,2031-03-27,2031,3,27,Quinta-feira,False,1,False,False,
20310328,2031-03-28,2031,3,28,Sexta-feira,False,1,False,False,
20310329,2031-03-29,2031,3,29,Sábado,True,1,False,False,
20310330,2031-03-30,2031,3,30,Domingo,True,1,False,False,
20310331,2031-03-31,2031,3,31,Segunda-feira,False,1,False,False,
20310401,2031-04-01,2031,4,1,Terça-feira,False,2,False,False,
20310402,2031-04-02,2031,4,2,Quarta-feira,False,2,False,False,
20310403,2031-04-03,2031,4,3,Quinta-feira,False,2,False,False,
20310404,2031-04-04,2031,4,4,Sexta-feira,False,2,False,False,
20310405,2031-04-05,2031,4,5,Sábado,True,2,False,False,
20310406,2031-04-06,2031,4,6,Domingo,True,2,False,False,
20310407,2031-04-07,2031,4,7,Segunda-feira,False,2,False,False,
20310408,2031-04-08,2031,4,8,Terça-feira,False,2,False,False,
20310409,2031-04-09,2031,4,9,Quarta-feira,False,2,False,False,
20310410,2031-04-10,2031,4,10,Quinta-feira,False,2,False,False,
20310411,2031-04-11,2031,4,11,Sexta-feira,False,2,False,True,Sexta-feira Santa
20310412,2031-04-12,2031,4,12,Sábado,True,2,False,False,
20310413,2031-04-13,2031,4,13,Domingo,True,2,False,False,
20310414,2031-04-14,2031,4,14,Segunda-feira,False,2,False,False,
20310415,2031-04-15,2031,4,15,Terça-feira,False,2,False,False,
20310416,2031-04-16,2031,4,16,Quarta-feira,False,2,False,False,
20310417,2031-04-17,2031,4,17,Quinta-feira,False,2,False,False,
20310418,2031-04-18,2031,4,18,Sexta-feira,False,2,False,False,
20310419,2031-04-19,2031,4,19,Sábado,True,2,False,False,
20310420,2031-04-20,2031,4,20,Domingo,True,2,False,False,
20310421,2031-04-21,2031,4,21,Segunda-feira,False,2,False,True,Tiradentes
20310422,2031-04-22,2031,4,22,Terça-feira,False,2,False,False,
20310423,2031-04-23,2031,4,23,Quarta-feira,False,2,False,False,
20310424,2031-04-24,2031,4,24,Quinta-feira,False,2,False,False,
20310425,2031-04-25,2031,4,25,Sexta-feira,False,2,False,False,
20310426,2031-04-26,2031,4,26,Sábado,True,2,False,False,
20310427,2031-04-27,2031,4,27,Domingo,True,2,False,False,
20310428,2031-04-28,2031,4,28,Segunda-feira,False,2,False,False,
20310429,2031-04-29,2031,4,29,Terça-feira,False,2,False,False,
20310430,2031-04-30,2031,4,30,Quarta-feira,False,2,False,False,
20310501,2031-05-01,2031,5,1,Quinta-feira,False,2,False,True,Dia do Trabalhador
20310502,2031-05-02,2031,5,2,Sexta-feira,False,2,False,False,
20310503,2031-05-03,2031,5,3,Sábado,True,2,False,False,
20310504,2031-05-04,2031,5,4,Domingo,True,2,False,False,
20310505,2031-05-05,2031,5,5,Segunda-feira,False,2,False,False,
20310506,2031-05-06,2031,5,6,Terça-feira,False,2,False,False,
20310507,2031-05-07,2031,5,7,Quarta-feira,False,2,False,False,
20310508,2031-05-08,2031,5,8,Quinta-feira,False,2,False,False,
20310509,2031-05-09,2031,5,9,Sexta-feira,False,2,False,False,
20310510,2031-05-10,2031,5,10,Sábado,True,2,False,False,
20310511,2031-05-11,2031,5,11,Domingo,True,2,False,False,
20310512,2031-05-12,2031,5,12,Segunda-feira,False,2,False,False,
20310513,2031-05-13,2031,5,13,Terça-feira,False,2,False,False,
20310514,2031-05-14,2031,5,14,Quarta-feira,False,2,False,False,
20310515,2031-05-15,2031,5,15,Quinta-feira,False,2,False,False,
20310516,2031-05-16,2031,5,16,Sexta-feira,False,2,False,False,
20310517,2031-05-17,2031,5,17,Sábado,True,2,False,False,
20310518,2031-05-18,2031,5,18,Domingo,True,2,False,False,
20310519,2031-05-19,2031,5,19,Segunda-feira,False,2,False,False,
20310520,2031-05-20,2031,5,20,Terça-feira,False,2,False,False,
20310521,2031-05-21,2031,5,21,Quarta-feira,False,2,False,False,
20310522,2031-05-22,2031,5,22,Quinta-feira,False,2,False,False,
20310523,2031-05-23,2031,5,23,Sexta-feira,False,2,False,False,
20310524,2031-05-24,2031,5,24,Sábado,True,2,False,False,
20310525,2031-05-25,2031,5,25,Domingo,True,2,False,False,
20310526,2031-05-26,2031,5,26,Segunda-feira,False,2,False,False,
20310527,2031-05-27,2031,5,27,Terça-feira,False,2,False,False,
20310528,2031-05-28,2031,5,28,Quarta-feira,False,2,False,False,
20310529,2031-05-29,2031,5,29,Quinta-feira,False,2,False,False,
20310530,2031-05-30,2031,5,30,Sexta-feira,False,2,False,False,
20310531,2031-05-31,2031,5,31,Sábado,True,2,False,False,
20310601,2031-06-01,2031,6,1,Domingo,True,2,False,False,
20310602,2031-06-02,2031,6,2,Segunda-feira,False,2,False,False,
20310603,2031-06-03,2031,6,3,Terça-feira,False,2,False,False,
20310604,2031-06-04,2031,6,4,Quarta-feira,False,2,False,False,
20310605,2031-06-05,2031,6,5,Quinta-feira,False,2,False,False,
20310606,2031-06-06,2031,6,6,Sexta-feira,False,2,False,False,
20310607,2031-06-07,2031,6,7,Sábado,True,2,False,False,
20310608,2031-06-08,2031,6,8,Domingo,True,2,False,False,
20310609,2031-06-09,2031,6,9,Segunda-feira,False,2,False,False,
20310610,2031-06-10,2031,6,10,Terça-feira,False,2,False,False,
20310611,2031-06-11,2031,6,11,Quarta-feira,False,2,False,False,
20310612,2031-06-12,2031,6,12,Quinta-feira,False,2,False,True,Corpus Christi
20310613,2031-06-13,2031,6,13,Sexta-feira,False,2,False,False,
20310614,2031-06-14,2031,6,14,Sábado,True,2,False,False,
20310615,2031-06-15,2031,6,15,Domingo,True,2,False,False,
20310616,2031-06-16,2031,6,16,Segunda-feira,False,2,False,False,
20310617,2031-06-17,2031,6,17,Terça-feira,False,2,False,False,
20310618,2031-06-18,2031,6,18,Quarta-feira,False,2,False,False,
20310619,2031-06-19,2031,6,19,Quinta-feira,False,2,False,False,
20310620,2031-06-20,2031,6,20,Sexta-feira,False,2,False,False,
20310621,2031-06-21,2031,6,21,Sábado,True,2,False,False,
20310622,2031-06-22,2031,6,22,Domingo,True,2,False,False,
20310623,2031-06-23,2031,6,23,Segunda-feira,False,2,False,False,
20310624,2031-06-24,2031,6,24,Terça-feira,False,2,False,False,
20310625,2031-06-25,2031,6,25,Quarta-feira,False,2,False,False,
20310626,2031-06-26,2031,6,26,Quinta-feira,False,2,False,False,
20310627,2031-06-27,2031,6,27,Sexta-feira,False,2,False,False,
20310628,2031-06-28,2031,6,28,Sábado,True,2,False,False,
20310629,2031-06-29,2031,6,29,Domingo,True,2,False,False,
20310630,2031-06-30,2031,6,30,Segunda-feira,False,2,False,False,
20310701,2031-07-01,2031,7,1,Terça-feira,False,3,True,False,
20310702,2031-07-02,2031,7,2,Quarta-feira,False,3,True,False,
20310703,2031-07-03,2031,7,3,Quinta-feira,False,3,True,False,
20310704,2031-07-04,2031,7,4,Sexta-feira,False,3,True,False,
20310705,2031-07-05,2031,7,5,Sábado,True,3,True,False,
20310706,2031-07-06,2031,7,6,Domingo,True,3,True,False,
20310707,2031-07-07,2031,7,7,Segunda-feira,False,3,True,False,
20310708,2031-07-08,2031,7,8,Terça-feira,False,3,True,False,
20310709,2031-07-09,2031,7,9,Quarta-feira,False,3,True,False,
20310710,2031-07-10,2031,7,10,Quinta-feira,False,3,True,False,
20310711,2031-07-11,2031,7,11,Sexta-feira,False,3,True,False,
20310712,2031-07-12,2031,7,12,Sábado,True,3,True,False,
20310713,2031-07-13,2031,7,13,Domingo,True,3,True,False,
20310714,2031-07-14,2031,7,14,Segunda-feira,False,3,True,False,
20310715,2031-07-15,2031,7,15,Terça-feira,False,3,True,False,
20310716,2031-07-16,2031,7,16,Quarta-feira,False,3,True,False,
20310717,2031-07-17,2031,7,17,Quinta-feira,False,3,True,False,
20310718,2031-07-18,2031,7,18,Sexta-feira,False,3,True,False,
20310719,2031-07-19,2031,7,19,Sábado,True,3,True,False,
20310720,2031-07-20,2031,7,20,Domingo,True,3,True,False,
20310721,2031-07-21,2031,7,21,Segunda-feira,False,3,True,False,
20310722,2031-07-22,2031,7,22,Terça-feira,False,3,True,False,
20310723,2031-07-23,2031,7,23,Quarta-feira,False,3,True,False,
20310724,2031-07-24,2031,7,24,Quinta-feira,False,3,True,False,
20310725,2031-07-25,2031,7,25,Sexta-feira,False,3,True,False,
20310726,2031-07-26,2031,7,26,Sábado,True,3,True,True,Fundação da cidade de Goiás
20310727,2031-07-27,2031,7,27,Domingo,True,3,True,False,
20310728,2031-07-28,2031,7,28,Segunda-feira,False,3,True,False,
20310729,2031-07-29,2031,7,29,Terça-feira,False,3,True,False,
20310730,2031-07-30,2031,7,30,Quarta-feira,False,3,True,False,
20310731,2031-07-31,2031,7,31,Quinta-feira,False,3,True,False,
20310801,2031-08-01,2031,8,1,Sexta-feira,False,3,False,False,
20310802,2031-08-02,2031,8,2,Sábado,True,3,False,False,
20310803,2031-08-03,2031,8,3,Domingo,True,3,False,False,
20310804,2031-08-04,2031,8,4,Segunda-feira,False,3,False,False,
20310805,2031-08-05,2031,8,5,Terça-feira,False,3,False,False,
20310806,2031-08-06,2031,8,6,Quarta-feira,False,3,False,False,
20310807,2031-08-07,2031,8,7,Quinta-feira,False,3,False,False,
20310808,2031-08-08,2031,8,8,Sexta-feira,False,3,False,False,
20310809,2031-08-09,2031,8,9,Sábado,True,3,False,False,
20310810,2031-08-10,2031,8,10,Domingo,True,3,False,False,
20310811,2031-08-11,2031,8,11,Segunda-feira,False,3,False,False,
20310812,2031-08-12,2031,8,12,Terça-feira,False,3,False,False,
20310813,2031-08-13,2031,8,13,Quarta-feira,False,3,False,False,
20310814,2031-08-14,2031,8,14,Quinta-feira,False,3,False,False,
20310815,2031-08-15,2031,8,15,Sexta-feira,False,3,False,False,
20310816,2031-08-16,2031,8,16,Sábado,True,3,False,False,
20310817,2031-08-17,2031,8,17,Domingo,True,3,False,False,
20310818,2031-08-18,2031,8,18,Segunda-feira,False,3,False,False,
20310819,2031-08-19,2031,8,19,Terça-feira,False,3,False,False,
20310820,2031-08-20,2031,8,20,Quarta-feira,False,3,False,False,
20310821,2031-08-21,2031,8,21,Quinta-feira,False,3,False,False,
20310822,2031-08-22,2031,8,22,Sexta-feira,False,3,False,False,
20310823,2031-08-23,2031,8,23,Sábado,True,3,False,False,
20310824,2031-08-24,2031,8,24,Domingo,True,3,False,False,
20310825,2031-08-25,2031,8,25,Segunda-feira,False,3,False,False,
20310826,2031-08-26,2031,8,26,Terça-feira,False,3,False,False,
20310827,2031-08-27,2031,8,27,Quarta-feira,False,3,False,False,
20310828,2031-08-28,2031,8,28,Quinta-feira,False,3,False,False,
20310829,2031-08-29,2031,8,29,Sexta-feira,False,3,False,False,
20310830,2031-08-30,2031,8,30,Sábado,True,3,False,False,
20310831,2031-08-31,2031,8,31,Domingo,True,3,False,False,
20310901,2031-09-01,2031,9,1,Segunda-feira,False,3,False,False,
20310902,2031-09-02,2031,9,2,Terça-feira,False,3,False,False,
20310903,2031-09-03,2031,9,3,Quarta-feira,False,3,False,False,
20310904,2031-09-04,2031,9,4,Quinta-feira,False,3,False,False,
20310905,2031-09-05,2031,9,5,Sexta-feira,False,3,False,False,
20310906,2031-09-06,2031,9,6,Sábado,True,3,False,False,
20310907,2031-09-07,2031,9,7,Domingo,True,3,False,True,Independência do Brasil
20310908,2031-09-08,2031,9,8,Segunda-feira,False,3,False,False,
20310909,2031-09-09,2031,9,9,Terça-feira,False,3,False,False,
20310910,2031-09-10,2031,9,10,Quarta-feira,False,3,False,False,
20310911,2031-09-11,2031,9,11,Quinta-feira,False,3,False,False,
20310912,2031-09-12,2031,9,12,Sexta-feira,False,3,False,False,
20310913,2031-09-13,2031,9,13,Sábado,True,3,False,False,
20310914,2031-09-14,2031,9,14,Domingo,True,3,False,False,
20310915,2031-09-15,2031,9,15,Segunda-feira,False,3,False,False,
20310916,2031-09-16,2031,9,16,Terça-feira,False,3,False,False,
20310917,2031-09-17,2031,9,17,Quarta-feira,False,3,False,False,
20310918,2031-09-18,2031,9,18,Quinta-feira,False,3,False,False,
20310919,2031-09-19,2031,9,19,Sexta-feira,False,3,False,False,
20310920,2031-09-20,2031,9,20,Sábado,True,3,False,False,
20310921,2031-09-21,2031,9,21,Domingo,True,3,False,False,
20310922,2031-09-22,2031,9,22,Segunda-feira,False,3,False,False,
20310923,2031-09-23,2031,9,23,Terça-feira,False,3,False,False,
20310924,2031-09-24,2031,9,24,Quarta-feira,False,3,False,False,
20310925,2031-09-25,2031,9,25,Quinta-feira,False,3,False,False,
20310926,2031-09-26,2031,9,26,Sexta-feira,False,3,False,False,
20310927,2031-09-27,2031,9,27,Sábado,True,3,False,False,
20310928,2031-09-28,2031,9,28,Domingo,True,3,False,False,
20310929,2031-09-29,2031,9,29,Segunda-feira,False,3,False,False,
20310930,2031-09-30,2031,9,30,Terça-feira,False,3,False,False,
20311001,2031-10-01,2031,10,1,Quarta-feira,False,4,False,False,
20311002,2031-10-02,2031,10,2,Quinta-feira,False,4,False,False,
20311003,2031-10-03,2031,10,3,Sexta-feira,False,4,False,False,
20311004,2031-10-04,2031,10,4,Sábado,True,4,False,False,
20311005,2031-10-05,2031,10,5,Domingo,True,4,False,False,
20311006,2031-10-06,2031,10,6,Segunda-feira,False,4,False,False,
20311007,2031-10-07,2031,10,7,Terça-feira,False,4,False,False,
20311008,2031-10-08,2031,10,8,Quarta-feira,False,4,False,False,
20311009,2031-10-09,2031,10,9,Quinta-feira,False,4,False,False,
20311010,2031-10-10,2031,10,10,Sexta-feira,False,4,False,False,
20311011,2031-10-11,2031,10,11,Sábado,True,4,False,False,
20311012,2031-10-12,2031,10,12,Domingo,True,4,False,True,Nossa Senhora Aparecida
20311013,2031-10-13,2031,10,13,Segunda-feira,False,4,False,False,
20311014,2031-10-14,2031,10,14,Terça-feira,False,4,False,False,
20311015,2031-10-15,2031,10,15,Quarta-feira,False,4,False,False,
20311016,2031-10-16,2031,10,16,Quinta-feira,False,4,False,False,
20311017,2031-10-17,2031,10,17,Sexta-feira,False,4,False,False,
20311018,2031-10-18,2031,10,18,Sábado,True,4,False,False,
20311019,2031-10-19,2031,10,19,Domingo,True,4,False,False,
20311020,2031-10-20,2031,10,20,Segunda-feira,False,4,False,False,
20311021,2031-10-21,2031,10,21,Terça-feira,False,4,False,False,
20311022,2031-10-22,2031,10,22,Quarta-feira,False,4,False,False,
20311023,2031-10-23,2031,10,23,Quinta-feira,False,4,False,False,
20311024,2031-10-24,2031,10,24,Sexta-feira,False,4,False,True,Pedra fundamental de Goiânia
20311025,2031-10-25,2031,10,25,Sábado,True,4,False,False,
20311026,2031-10-26,2031,10,26,Domingo,True,4,False,False,
20311027,2031-10-27,2031,10,27,Segunda-feira,False,4,False,False,
20311028,2031-10-28,2031,10,28,Terça-feira,False,4,False,True,Dia do Servidor Público
20311029,2031-10-29,2031,10,29,Quarta-feira,False,4,False,False,
20311030,2031-10-30,2031,10,30,Quinta-feira,False,4,False,False,
20311031,2031-10-31,2031,10,31,Sexta-feira,False,4,False,False,
20311101,2031-11-01,2031,11,1,Sábado,True,4,False,False,
20311102,2031-11-02,2031,11,2,Domingo,True,4,False,True,Finados
20311103,2031-11-03,2031,11,3,Segunda-feira,False,4,False,False,
20311104,2031-11-04,2031,11,4,Terça-feira,False,4,False,False,
20311105,2031-11-05,2031,11,5,Quarta-feira,False,4,False,False,
20311106,2031-11-06,2031,11,6,Quinta-feira,False,4,False,False,
20311107,2031-11-07,2031,11,7,Sexta-feira,False,4,False,False,
20311108,2031-11-08,2031,11,8,Sábado,True,4,False,False,
20311109,2031-11-09,2031,11,9,Domingo,True,4,False,False,
20311110,2031-11-10,2031,11,10,Segunda-feira,False,4,False,False,
20311111,2031-11-11,2031,11,11,Terça-feira,False,4,False,False,
20311112,2031-11-12,2031,11,12,Quarta-feira,False,4,False,False,
20311113,2031-11-13,2031,11,13,Quinta-feira,False,4,False,False,
20311114,2031-11-14,2031,11,14,Sexta-feira,False,4,False,False,
20311115,2031-11-15,2031,11,15,Sábado,True,4,False,True,Proclamação da República
20311116,2031-11-16,2031,11,16,Domingo,True,4,False,False,
20311117,2031-11-17,2031,11,17,Segunda-feira,False,4,False,False,
20311118,2031-11-18,2031,11,18,Terça-feira,False,4,False,False,
20311119,2031-11-19,2031,11,19,Quarta-feira,False,4,False,False,
20311120,2031-11-20,2031,11,20,Quinta-feira,False,4,False,True,Dia Nacional de Zumbi e da Consciência Negra
20311121,2031-11-21,2031,11,21,Sexta-feira,False,4,False,False,
20311122,2031-11-22,2031,11,22,Sábado,True,4,False,False,
20311123,2031-11-23,2031,11,23,Domingo,True,4,False,False,
20311124,2031-11-24,2031,11,24,Segunda-feira,False,4,False,False,
20311125,2031-11-25,2031,11,25,Terça-feira,False,4,False,False,
20311126,2031-11-26,2031,11,26,Quarta-feira,False,4,False,False,
20311127,2031-11-27,2031,11,27,Quinta-feira,False,4,False,False,
20311128,2031-11-28,2031,11,28,Sexta-feira,False,4,False,False,
20311129,2031-11-29,2031,11,29,Sábado,True,4,False,False,
20311130,2031-11-30,2031,11,30,Domingo,True,4,False,False,
20311201,2031-12-01,2031,12,1,Segunda-feira,False,4,False,False,
20311202,2031-12-02,2031,12,2,Terça-feira,False,4,False,False,
20311203,2031-12-03,2031,12,3,Quarta-feira,False,4,False,False,
20311204,2031-12-04,2031,12,4,Quinta-feira,False,4,False,False,
20311205,2031-12-05,2031,12,5,Sexta-feira,False,4,False,False,
20311206,2031-12-06,2031,12,6,Sábado,True,4,False,False,
20311207,2031-12-07,2031,12,7,Domingo,True,4,False,False,
20311208,2031-12-08,2031,12,8,Segunda-feira,False,4,False,False,
20311209,2031-12-09,2031,12,9,Terça-feira,False,4,False,False,
20311210,2031-12-10,2031,12,10,Quarta-feira,False,4,False,False,
20311211,2031-12-11,2031,12,11,Quinta-feira,False,4,False,False,
20311212,2031-12-12,2031,12,12,Sexta-feira,False,4,False,False,
20311213,2031-12-13,2031,12,13,Sábado,True,4,False,False,
20311214,2031-12-14,2031,12,14,Domingo,True,4,False,False,
20311215,2031-12-15,2031,12,15,Segunda-feira,False,4,False,False,
20311216,2031-12-16,2031,12,16,Terça-feira,False,4,False,False,
20311217,2031-12-17,2031,12,17,Quarta-feira,False,4,False,False,
20311218,2031-12-18,2031,12,18,Quinta-feira,False,4,False,False,
20311219,2031-12-19,2031,12,19,Sexta-feira,False,4,False,False,
20311220,2031-12-20,2031,12,20,Sábado,True,4,False,False,
20311221,2031-12-21,2031,12,21,Domingo,True,4,False,False,
20311222,2031-12-22,2031,12,22,Segunda-feira,False,4,False,False,
20311223,2031-12-23,2031,12,23,Terça-feira,False,4,False,False,
20311224,2031-12-24,2031,12,24,Quarta-feira,False,4,False,True,Véspera de Natal
20311225,2031-12-25,2031,12,25,Quinta-feira,False,4,False,True,Natal
20311226,2031-12-26,2031,12,26,Sexta-feira,False,4,False,False,
20311227,2031-12-27,2031,12,27,Sábado,True,4,False,False,
20311228,2031-12-28,2031,12,28,Domingo,True,4,False,False,
20311229,2031-12-29,2031,12,29,Segunda-feira,False,4,False,False,
20311230,2031-12-30,2031,12,30,Terça-feira,False,4,False,False,
20311231,2031-12-31,2031,12,31,Quarta-feira,False,4,False,True,Véspera de Ano-Novo
20320101,2032-01-01,2032,1,1,Quinta-feira,False,1,False,True,Confraternização Universal
20320102,2032-01-02,2032,1,2,Sexta-feira,False,1,False,False,
20320103,2032-01-03,2032,1,3,Sábado,True,1,False,False,
20320104,2032-01-04,2032,1,4,Domingo,True,1,False,False,
20320105,2032-01-05,2032,1,5,Segunda-feira,False,1,False,False,
20320106,2032-01-06,2032,1,6,Terça-feira,False,1,False,False,
20320107,2032-01-07,2032,1,7,Quarta-feira,False,1,False,False,
20320108,2032-01-08,2032,1,8,Quinta-feira,False,1,False,False,
20320109,2032-01-09,2032,1,9,Sexta-feira,False,1,False,False,
20320110,2032-01-10,2032,1,10,Sábado,True,1,False,False,
20320111,2032-01-11,2032,1,11,Domingo,True,1,False,False,
20320112,2032-01-12,2032,1,12,Segunda-feira,False,1,False,False,
20320113,2032-01-13,2032,1,13,Terça-feira,False,1,False,False,
20320114,2032-01-14,2032,1,14,Quarta-feira,False,1,False,False,
20320115,2032-01-15,2032,1,15,Quinta-feira,False,1,False,False,
20320116,2032-01-16,2032,1,16,Sexta-feira,False,1,False,False,
20320117,2032-01-17,2032,1,17,Sábado,True,1,False,False,
20320118,2032-01-18,2032,1,18,Domingo,True,1,False,False,
20320119,2032-01-19,2032,1,19,Segunda-feira,False,1,False,False,
20320120,2032-01-20,2032,1,20,Terça-feira,False,1,False,False,
20320121,2032-01-21,2032,1,21,Quarta-feira,False,1,False,False,
20320122,2032-01-22,2032,1,22,Quinta-feira,False,1,False,False,
20320123,2032-01-23,2032,1,23,Sexta-feira,False,1,False,False,
20320124,2032-01-24,2032,1,24,Sábado,True,1,False,False,
20320125,2032-01-25,2032,1,25,Domingo,True,1,False,False,
20320126,2032-01-26,2032,1,26,Segunda-feira,False,1,False,False,
20320127,2032-01-27,2032,1,27,Terça-feira,False,1,False,False,
20320128,2032-01-28,2032,1,28,Quarta-feira,False,1,False,False,
20320129,2032-01-29,2032,1,29,Quinta-feira,False,1,False,False,
20320130,2032-01-30,2032,1,30,Sexta-feira,False,1,False,False,
20320131,2032-01-31,2032,1,31,Sábado,True,1,False,False,
20320201,2032-02-01,2032,2,1,Domingo,True,1,False,False,
20320202,2032-02-02,2032,2,2,Segunda-feira,False,1,False,False,
20320203,2032-02-03,2032,2,3,Terça-feira,False,1,False,False,
20320204,2032-02-04,2032,2,4,Quarta-feira,False,1,False,False,
20320205,2032-02-05,2032,2,5,Quinta-feira,False,1,False,False,
20320206,2032-02-06,2032,2,6,Sexta-feira,False,1,False,False,
20320207,2032-02-07,2032,2,7,Sábado,True,1,False,False,
20320208,2032-02-08,2032,2,8,Domingo,True,1,False,False,
20320209,2032-02-09,2032,2,9,Segunda-feira,False,1,False,True,Carnaval
20320210,2032-02-10,2032,2,10,Terça-feira,False,1,False,True,Carnaval
20320211,2032-02-11,2032,2,11,Quarta-feira,False,1,False,True,Quarta-feira de Cinzas
20320212,2032-02-12,2032,2,12,Quinta-feira,False,1,False,False,
20320213,2032-02-13,2032,2,13,Sexta-feira,False,1,False,False,
20320214,2032-02-14,2032,2,14,Sábado,True,1,False,False,
20320215,2032-02-15,2032,2,15,Domingo,True,1,False,False,
20320216,2032-02-16,2032,2,16,Segunda-feira,False,1,False,False,
20320217,2032-02-17,2032,2,17,Terça-feira,False,1,False,False,
20320218,2032-02-18,2032,2,18,Quarta-feira,False,1,False,False,
20320219,2032-02-19,2032,2,19,Quinta-feira,False,1,False,False,
20320220,2032-02-20,2032,2,20,Sexta-feira,False,1,False,False,
20320221,2032-02-21,2032,2,21,Sábado,True,1,False,False,
20320222,2032-02-22,2032,2,22,Domingo,True,1,False,False,
20320223,2032-02-23,2032,2,23,Segunda-feira,False,1,False,False,
20320224,2032-02-24,2032,2,24,Terça-feira,False,1,False,False,
20320225,2032-02-25,2032,2,25,Quarta-feira,False,1,False,False,
20320226,2032-02-26,2032,2,26,Quinta-feira,False,1,False,False,
20320227,2032-02-27,2032,2,27,Sexta-feira,False,1,False,False,
20320228,2032-02-28,2032,2,28,Sábado,True,1,False,False,
20320229,2032-02-29,2032,2,29,Domingo,True,1,False,False,
20320301,2032-03-01,2032,3,1,Segunda-feira,False,1,False,False,
20320302,2032-03-02,2032,3,2,Terça-feira,False,1,False,False,
20320303,2032-03-03,2032,3,3,Quarta-feira,False,1,False,False,
20320304,2032-03-04,2032,3,4,Quinta-feira,False,1,False,False,
20320305,2032-03-05,2032,3,5,Sexta-feira,False,1,False,False,
20320306,2032-03-06,2032,3,6,Sábado,True,1,False,False,
20320307,2032-03-07,2032,3,7,Domingo,True,1,False,False,
20320308,2032-03-08,2032,3,8,Segunda-feira,False,1,False,False,
20320309,2032-03-09,2032,3,9,Terça-feira,False,1,False,False,
20320310,2032-03-10,2032,3,10,Quarta-feira,False,1,False,False,
20320311,2032-03-11,2032,3,11,Quinta-feira,False,1,False,False,
20320312,2032-03-12,2032,3,12,Sexta-feira,False,1,False,False,
20320313,2032-03-13,2032,3,13,Sábado,True,1,False,False,
20320314,2032-03-14,2032,3,14,Domingo,True,1,False,False,
20320315,2032-03-15,2032,3,15,Segunda-feira,False,1,False,False,
20320316,2032-03-16,2032,3,16,Terça-feira,False,1,False,False,
20320317,2032-03-17,2032,3,17,Quarta-feira,False,1,False,False,
20320318,2032-03-18,2032,3,18,Quinta-feira,False,1,False,False,
20320319,2032-03-19,2032,3,19,Sexta-feira,False,1,False,False,
20320320,2032-03-20,2032,3,20,Sábado,True,1,False,False,
20320321,2032-03-21,2032,3,21,Domingo,True,1,False,False,
20320322,2032-03-22,2032,3,22,Segunda-feira,False,1,False,False,
20320323,2032-03-23,2032,3,23,Terça-feira,False,1,False,False,
20320324,2032-03-24,2032,3,24,Quarta-feira,False,1,False,False,
20320325,2032-03-25,2032,3,25,Quinta-feira,False,1,False,False,
20320326,2032-03-26,2032,3,26,Sexta-feira,False,1,False,True,Sexta-feira Santa
20320327,2032-03-27,2032,3,27,Sábado,True,1,False,False,
20320328,2032-03-28,2032,3,28,Domingo,True,1,False,False,
20320329,2032-03-29,2032,3,29,Segunda-feira,False,1,False,False,
20320330,2032-03-30,2032,3,30,Terça-feira,False,1,False,False,
20320331,2032-03-31,2032,3,31,Quarta-feira,False,1,False,False,
20320401,2032-04-01,2032,4,1,Quinta-feira,False,2,False,False,
20320402,2032-04-02,2032,4,2,Sexta-feira,False,2,False,False,
20320403,2032-04-03,2032,4,3,Sábado,True,2,False,False,
20320404,2032-04-04,2032,4,4,Domingo,True,2,False,False,
20320405,2032-04-05,2032,4,5,Segunda-feira,False,2,False,False,
20320406,2032-04-06,2032,4,6,Terça-feira,False,2,False,False,
20320407,2032-04-07,2032,4,7,Quarta-feira,False,2,False,False,
20320408,2032-04-08,2032,4,8,Quinta-feira,False,2,False,False,
20320409,2032-04-09,2032,4,9,Sexta-feira,False,2,False,False,
20320410,2032-04-10,2032,4,10,Sábado,True,2,False,False,
20320411,2032-04-11,2032,4,11,Domingo,True,2,False,False,
20320412,2032-04-12,2032,4,12,Segunda-feira,False,2,False,False,
20320413,2032-04-13,2032,4,13,Terça-feira,False,2,False,False,
20320414,2032-04-14,2032,4,14,Quarta-feira,False,2,False,False,
20320415,2032-04-15,2032,4,15,Quinta-feira,False,2,False,False,
20320416,2032-04-16,2032,4,16,Sexta-feira,False,2,False,False,
20320417,2032-04-17,2032,4,17,Sábado,True,2,False,False,
20320418,2032-04-18,2032,4,18,Domingo,True,2,False,False,
20320419,2032-04-19,2032,4,19,Segunda-feira,False,2,False,False,
20320420,2032-04-20,2032,4,20,Terça-feira,False,2,False,False,
20320421,2032-04-21,2032,4,21,Quarta-feira,False,2,False,True,Tiradentes
20320422,2032-04-22,2032,4,22,Quinta-feira,False,2,False,False,
20320423,2032-04-23,2032,4,23,Sexta-feira,False,2,False,False,
20320424,2032-04-24,2032,4,24,Sábado,True,2,False,False,
20320425,2032-04-25,2032,4,25,Domingo,True,2,False,False,
20320426,2032-04-26,2032,4,26,Segunda-feira,False,2,False,False,
20320427,2032-04-27,2032,4,27,Terça-feira,False,2,False,False,
20320428,2032-04-28,2032,4,28,Quarta-feira,False,2,False,False,
20320429,2032-04-29,2032,4,29,Quinta-feira,False,2,False,False,
20320430,2032-04-30,2032,4,30,Sexta-feira,False,2,False,False,
20320501,2032-05-01,2032,5,1,Sábado,True,2,False,True,Dia do Trabalhador
20320502,2032-05-02,2032,5,2,Domingo,True,2,False,False,
20320503,2032-05-03,2032,5,3,Segunda-feira,False,2,False,False,
20320504,2032-05-04,2032,5,4,Terça-feira,False,2,False,False,
20320505,2032-05-05,2032,5,5,Quarta-feira,False,2,False,False,
20320506,2032-05-06,2032,5,6,Quinta-feira,False,2,False,False,
20320507,2032-05-07,2032,5,7,Sexta-feira,False,2,False,False,
20320508,2032-05-08,2032,5,8,Sábado,True,2,False,False,
20320509,2032-05-09,2032,5,9,Domingo,True,2,False,False,
20320510,2032-05-10,2032,5,10,Segunda-feira,False,2,False,False,
20320511,2032-05-11,2032,5,11,Terça-feira,False,2,False,False,
20320512,2032-05-12,2032,5,12,Quarta-feira,False,2,False,False,
20320513,2032-05-13,2032,5,13,Quinta-feira,False,2,False,False,
20320514,2032-05-14,2032,5,14,Sexta-feira,False,2,False,False,
20320515,2032-05-15,2032,5,15,Sábado,True,2,False,False,
20320516,2032-05-16,2032,5,16,Domingo,True,2,False,False,
20320517,2032-05-17,2032,5,17,Segunda-feira,False,2,False,False,
20320518,2032-05-18,2032,5,18,Terça-feira,False,2,False,False,
20320519,2032-05-19,2032,5,19,Quarta-feira,False,2,False,False,
20320520,2032-05-20,2032,5,20,Quinta-feira,False,2,False,False,
20320521,2032-05-21,2032,5,21,Sexta-feira,False,2,False,False,
20320522,2032-05-22,2032,5,22,Sábado,True,2,False,False,
20320523,2032-05-23,2032,5,23,Domingo,True,2,False,False,
20320524,2032-05-24,2032,5,24,Segunda-feira,False,2,False,False,
20320525,2032-05-25,2032,5,25,Terça-feira,False,2,False,False,
20320526,2032-05-26,2032,5,26,Quarta-feira,False,2,False,False,
20320527,2032-05-27,2032,5,27,Quinta-feira,False,2,False,True,Corpus Christi
20320528,2032-05-28,2032,5,28,Sexta-feira,False,2,False,False,
20320529,2032-05-29,2032,5,29,Sábado,True,2,False,False,
20320530,2032-05-30,2032,5,30,Domingo,True,2,False,False,
20320531,2032-05-31,2032,5,31,Segunda-feira,False,2,False,False,
20320601,2032-06-01,2032,6,1,Terça-feira,False,2,False,False,
20320602,2032-06-02,2032,6,2,Quarta-feira,False,2,False,False,
20320603,2032-06-03,2032,6,3,Quinta-feira,False,2,False,False,
20320604,2032-06-04,2032,6,4,Sexta-feira,False,2,False,False,
20320605,2032-06-05,2032,6,5,Sábado,True,2,False,False,
20320606,2032-06-06,2032,6,6,Domingo,True,2,False,False,
20320607,2032-06-07,2032,6,7,Segunda-feira,False,2,False,False,
20320608,2032-06-08,2032,6,8,Terça-feira,False,2,False,False,
20320609,2032-06-09,2032,6,9,Quarta-feira,False,2,False,False,
20320610,2032-06-10,2032,6,10,Quinta-feira,False,2,False,False,
20320611,2032-06-11,2032,6,11,Sexta-feira,False,2,False,False,
20320612,2032-06-12,2032,6,12,Sábado,True,2,False,False,
20320613,2032-06-13,2032,6,13,Domingo,True,2,False,False,
20320614,2032-06-14,2032,6,14,Segunda-feira,False,2,False,False,
20320615,2032-06-15,2032,6,15,Terça-feira,False,2,False,False,
20320616,2032-06-16,2032,6,16,Quarta-feira,False,2,False,False,
20320617,2032-06-17,2032,6,17,Quinta-feira,False,2,False,False,
20320618,2032-06-18,2032,6,18,Sexta-feira,False,2,False,False,
20320619,2032-06-19,2032,6,19,Sábado,True,2,False,False,
20320620,2032-06-20,2032,6,20,Domingo,True,2,False,False,
20320621,2032-06-21,2032,6,21,Segunda-feira,False,2,False,False,
20320622,2032-06-22,2032,6,22,Terça-feira,False,2,False,False,
20320623,2032-06-23,2032,6,23,Quarta-feira,False,2,False,False,
20320624,2032-06-24,2032,6,24,Quinta-feira,False,2,False,False,
20320625,2032-06-25,2032,6,25,Sexta-feira,False,2,False,False,
20320626,2032-06-26,2032,6,26,Sábado,True,2,False,False,
20320627,2032-06-27,2032,6,27,Domingo,True,2,False,False,
20320628,2032-06-28,2032,6,28,Segunda-feira,False,2,False,False,
20320629,2032-06-29,2032,6,29,Terça-feira,False,2,False,False,
20320630,2032-06-30,2032,6,30,Quarta-feira,False,2,False,False,
20320701,2032-07-01,2032,7,1,Quinta-feira,False,3,True,False,
20320702,2032-07-02,2032,7,2,Sexta-feira,False,3,True,False,
20320703,2032-07-03,2032,7,3,Sábado,True,3,True,False,
20320704,2032-07-04,2032,7,4,Domingo,True,3,True,False,
20320705,2032-07-05,2032,7,5,Segunda-feira,False,3,True,False,
20320706,2032-07-06,2032,7,6,Terça-feira,False,3,True,False,
20320707,2032-07-07,2032,7,7,Quarta-feira,False,3,True,False,
20320708,2032-07-08,2032,7,8,Quinta-feira,False,3,True,False,
20320709,2032-07-09,2032,7,9,Sexta-feira,False,3,True,False,
20320710,2032-07-10,2032,7,10,Sábado,True,3,True,False,
20320711,2032-07-11,2032,7,11,Domingo,True,3,True,False,
20320712,2032-07-12,2032,7,12,Segunda-feira,False,3,True,False,
20320713,2032-07-13,2032,7,13,Terça-feira,False,3,True,False,
20320714,2032-07-14,2032,7,14,Quarta-feira,False,3,True,False,
20320715,2032-07-15,2032,7,15,Quinta-feira,False,3,True,False,
20320716,2032-07-16,2032,7,16,Sexta-feira,False,3,True,False,
20320717,2032-07-17,2032,7,17,Sábado,True,3,True,False,
20320718,2032-07-18,2032,7,18,Domingo,True,3,True,False,
20320719,2032-07-19,2032,7,19,Segunda-feira,False,3,True,False,
20320720,2032-07-20,2032,7,20,Terça-feira,False,3,True,False,
20320721,2032-07-21,2032,7,21,Quarta-feira,False,3,True,False,
20320722,2032-07-22,2032,7,22,Quinta-feira,False,3,True,False,
20320723,2032-07-23,2032,7,23,Sexta-feira,False,3,True,False,
20320724,2032-07-24,2032,7,24,Sábado,True,3,True,False,
20320725,2032-07-25,2032,7,25,Domingo,True,3,True,False,
20320726,2032-07-26,2032,7,26,Segunda-feira,False,3,True,True,Fundação da cidade de Goiás
20320727,2032-07-27,2032,7,27,Terça-feira,False,3,True,False,
20320728,2032-07-28,2032,7,28,Quarta-feira,False,3,True,False,
20320729,2032-07-29,2032,7,29,Quinta-feira,False,3,True,False,
20320730,2032-07-30,2032,7,30,Sexta-feira,False,3,True,False,
20320731,2032-07-31,2032,7,31,Sábado,True,3,True,False,
20320801,2032-08-01,2032,8,1,Domingo,True,3,False,False,
20320802,2032-08-02,2032,8,2,Segunda-feira,False,3,False,False,
20320803,2032-08-03,2032,8,3,Terça-feira,False,3,False,False,
20320804,2032-08-04,2032,8,4,Quarta-feira,False,3,False,False,
20320805,2032-08-05,2032,8,5,Quinta-feira,False,3,False,False,
20320806,2032-08-06,2032,8,6,Sexta-feira,False,3,False,False,
20320807,2032-08-07,2032,8,7,Sábado,True,3,False,False,
20320808,2032-08-08,2032,8,8,Domingo,True,3,False,False,
20320809,2032-08-09,2032,8,9,Segunda-feira,False,3,False,False,
20320810,2032-08-10,2032,8,10,Terça-feira,False,3,False,False,
20320811,2032-08-11,2032,8,11,Quarta-feira,False,3,False,False,
20320812,2032-08-12,2032,8,12,Quinta-feira,False,3,False,False,
20320813,2032-08-13,2032,8,13,Sexta-feira,False,3,False,False,
20320814,2032-08-14,2032,8,14,Sábado,True,3,False,False,
20320815,2032-08-15,2032,8,15,Domingo,True,3,False,False,
20320816,2032-08-16,2032,8,16,Segunda-feira,False,3,False,False,
20320817,2032-08-17,2032,8,17,Terça-feira,False,3,False,False,
20320818,2032-08-18,2032,8,18,Quarta-feira,False,3,False,False,
20320819,2032-08-19,2032,8,19,Quinta-feira,False,3,False,False,
20320820,2032-08-20,2032,8,20,Sexta-feira,False,3,False,False,
20320821,2032-08-21,2032,8,21,Sábado,True,3,False,False,
20320822,2032-08-22,2032,8,22,Domingo,True,3,False,False,
20320823,2032-08-23,2032,8,23,Segunda-feira,False,3,False,False,
20320824,2032-08-24,2032,8,24,Terça-feira,False,3,False,False,
20320825,2032-08-25,2032,8,25,Quarta-feira,False,3,False,False,
20320826,2032-08-26,2032,8,26,Quinta-feira,False,3,False,False,
20320827,2032-08-27,2032,8,27,Sexta-feira,False,3,False,False,
20320828,2032-08-28,2032,8,28,Sábado,True,3,False,False,
20320829,2032-08-29,2032,8,29,Domingo,True,3,False,False,
20320830,2032-08-30,2032,8,30,Segunda-feira,False,3,False,False,
20320831,2032-08-31,2032,8,31,Terça-feira,False,3,False,False,
20320901,2032-09-01,2032,9,1,Quarta-feira,False,3,False,False,
20320902,2032-09-02,2032,9,2,Quinta-feira,False,3,False,False,
20320903,2032-09-03,2032,9,3,Sexta-feira,False,3,False,False,
20320904,2032-09-04,2032,9,4,Sábado,True,3,False,False,
20320905,2032-09-05,2032,9,5,Domingo,True,3,False,False,
20320906,2032-09-06,2032,9,6,Segunda-feira,False,3,False,False,
20320907,2032-09-07,2032,9,7,Terça-feira,False,3,False,True,Independência do Brasil
20320908,2032-09-08,2032,9,8,Quarta-feira,False,3,False,False,
20320909,2032-09-09,2032,9,9,Quinta-feira,False,3,False,False,
20320910,2032-09-10,2032,9,10,Sexta-feira,False,3,False,False,
20320911,2032-09-11,2032,9,11,Sábado,True,3,False,False,
20320912,2032-09-12,2032,9,12,Domingo,True,3,False,False,
20320913,2032-09-13,2032,9,13,Segunda-feira,False,3,False,False,
20320914,2032-09-14,2032,9,14,Terça-feira,False,3,False,False,
20320915,2032-09-15,2032,9,15,Quarta-feira,False,3,False,False,
20320916,2032-09-16,2032,9,16,Quinta-feira,False,3,False,False,
20320917,2032-09-17,2032,9,17,Sexta-feira,False,3,False,False,
20320918,2032-09-18,2032,9,18,Sábado,True,3,False,False,
20320919,2032-09-19,2032,9,19,Domingo,True,3,False,False,
20320920,2032-09-20,2032,9,20,Segunda-feira,False,3,False,False,
20320921,2032-09-21,2032,9,21,Terça-feira,False,3,False,False,
20320922,2032-09-22,2032,9,22,Quarta-feira,False,3,False,False,
20320923,2032-09-23,2032,9,23,Quinta-feira,False,3,False,False,
20320924,2032-09-24,2032,9,24,Sexta-feira,False,3,False,False,
20320925,2032-09-25,2032,9,25,Sábado,True,3,False,False,
20320926,2032-09-26,2032,9,26,Domingo,True,3,False,False,
20320927,2032-09-27,2032,9,27,Segunda-feira,False,3,False,False,
20320928,2032-09-28,2032,9,28,Terça-feira,False,3,False,False,
20320929,2032-09-29,2032,9,29,Quarta-feira,False,3,False,False,
20320930,2032-09-30,2032,9,30,Quinta-feira,False,3,False,False,
20321001,2032-10-01,2032,10,1,Sexta-feira,False,4,False,False,
20321002,2032-10-02,2032,10,2,Sábado,True,4,False,False,
20321003,2032-10-03,2032,10,3,Domingo,True,4,False,False,
20321004,2032-10-04,2032,10,4,Segunda-feira,False,4,False,False,
20321005,2032-10-05,2032,10,5,Terça-feira,False,4,False,False,
20321006,2032-10-06,2032,10,6,Quarta-feira,False,4,False,False,
20321007,2032-10-07,2032,10,7,Quinta-feira,False,4,False,False,
20321008,2032-10-08,2032,10,8,Sexta-feira,False,4,False,False,
20321009,2032-10-09,2032,10,9,Sábado,True,4,False,False,
20321010,2032-10-10,2032,10,10,Domingo,True,4,False,False,
20321011,2032-10-11,2032,10,11,Segunda-feira,False,4,False,False,
20321012,2032-10-12,2032,10,12,Terça-feira,False,4,False,True,Nossa Senhora Aparecida
20321013,2032-10-13,2032,10,13,Quarta-feira,False,4,False,False,
20321014,2032-10-14,2032,10,14,Quinta-feira,False,4,False,False,
20321015,2032-10-15,2032,10,15,Sexta-feira,False,4,False,False,
20321016,2032-10-16,2032,10,16,Sábado,True,4,False,False,
20321017,2032-10-17,2032,10,17,Domingo,True,4,False,False,
20321018,2032-10-18,2032,10,18,Segunda-feira,False,4,False,False,
20321019,2032-10-19,2032,10,19,Terça-feira,False,4,False,False,
20321020,2032-10-20,2032,10,20,Quarta-feira,False,4,False,False,
20321021,2032-10-21,2032,10,21,Quinta-feira,False,4,False,False,
20321022,2032-10-22,2032,10,22,Sexta-feira,False,4,False,False,
20321023,2032-10-23,2032,10,23,Sábado,True,4,False,False,
20321024,2032-10-24,2032,10,24,Domingo,True,4,False,True,Pedra fundamental de Goiânia
20321025,2032-10-25,2032,10,25,Segunda-feira,False,4,False,False,
20321026,2032-10-26,2032,10,26,Terça-feira,False,4,False,False,
20321027,2032-10-27,2032,10,27,Quarta-feira,False,4,False,False,
20321028,2032-10-28,2032,10,28,Quinta-feira,False,4,False,True,Dia do Servidor Público
20321029,2032-10-29,2032,10,29,Sexta-feira,False,4,False,False,
20321030,2032-10-30,2032,10,30,Sábado,True,4,False,False,
20321031,2032-10-31,2032,10,31,Domingo,True,4,False,False,
20321101,2032-11-01,2032,11,1,Segunda-feira,False,4,False,False,
20321102,2032-11-02,2032,11,2,Terça-feira,False,4,False,True,Finados
20321103,2032-11-03,2032,11,3,Quarta-feira,False,4,False,False,
20321104,2032-11-04,2032,11,4,Quinta-feira,False,4,False,False,
20321105,2032-11-05,2032,11,5,Sexta-feira,False,4,False,False,
20321106,2032-11-06,2032,11,6,Sábado,True,4,False,False,
20321107,2032-11-07,2032,11,7,Domingo,True,4,False,False,
20321108,2032-11-08,2032,11,8,Segunda-feira,False,4,False,False,
20321109,2032-11-09,2032,11,9,Terça-feira,False,4,False,False,
20321110,2032-11-10,2032,11,10,Quarta-feira,False,4,False,False,
20321111,2032-11-11,2032,11,11,Quinta-feira,False,4,False,False,
20321112,2032-11-12,2032,11,12,Sexta-feira,False,4,False,False,
20321113,2032-11-13,2032,11,13,Sábado,True,4,False,False,
20321114,2032-11-14,2032,11,14,Domingo,True,4,False,False,
20321115,2032-11-15,2032,11,15,Segunda-feira,False,4,False,True,Proclamação da República
20321116,2032-11-16,2032,11,16,Terça-feira,False,4,False,False,
20321117,2032-11-17,2032,11,17,Quarta-feira,False,4,False,False,
20321118,2032-11-18,2032,11,18,Quinta-feira,False,4,False,False,
20321119,2032-11-19,2032,11,19,Sexta-feira,False,4,False,False,
20321120,2032-11-20,2032,11,20,Sábado,True,4,False,True,Dia Nacional de Zumbi e da Consciência Negra
20321121,2032-11-21,2032,11,21,Domingo,True,4,False,False,
20321122,2032-11-22,2032,11,22,Segunda-feira,False,4,False,False,
20321123,2032-11-23,2032,11,23,Terça-feira,False,4,False,False,
20321124,2032-11-24,2032,11,24,Quarta-feira,False,4,False,False,
20321125,2032-11-25,2032,11,25,Quinta-feira,False,4,False,False,
20321126,2032-11-26,2032,11,26,Sexta-feira,False,4,False,False,
20321127,2032-11-27,2032,11,27,Sábado,True,4,False,False,
20321128,2032-11-28,2032,11,28,Domingo,True,4,False,False,
20321129,2032-11-29,2032,11,29,Segunda-feira,False,4,False,False,
20321130,2032-11-30,2032,11,30,Terça-feira,False,4,False,False,
20321201,2032-12-01,2032,12,1,Quarta-feira,False,4,False,False,
20321202,2032-12-02,2032,12,2,Quinta-feira,False,4,False,False,
20321203,2032-12-03,2032,12,3,Sexta-feira,False,4,False,False,
20321204,2032-12-04,2032,12,4,Sábado,True,4,False,False,
20321205,2032-12-05,2032,12,5,Domingo,True,4,False,False,
20321206,2032-12-06,2032,12,6,Segunda-feira,False,4,False,False,
20321207,2032-12-07,2032,12,7,Terça-feira,False,4,False,False,
20321208,2032-12-08,2032,12,8,Quarta-feira,False,4,False,False,
20321209,2032-12-09,2032,12,9,Quinta-feira,False,4,False,False,
20321210,2032-12-10,2032,12,10,Sexta-feira,False,4,False,False,
20321211,2032-12-11,2032,12,11,Sábado,True,4,False,False,
20321212,2032-12-12,2032,12,12,Domingo,True,4,False,False,
20321213,2032-12-13,2032,12,13,Segunda-feira,False,4,False,False,
20321214,2032-12-14,2032,12,14,Terça-feira,False,4,False,False,
20321215,2032-12-15,2032,12,15,Quarta-feira,False,4,False,False,
20321216,2032-12-16,2032,12,16,Quinta-feira,False,4,False,False,
20321217,2032-12-17,2032,12,17,Sexta-feira,False,4,False,False,
20321218,2032-12-18,2032,12,18,Sábado,True,4,False,False,
20321219,2032-12-19,2032,12,19,Domingo,True,4,False,False,
20321220,2032-12-20,2032,12,20,Segunda-feira,False,4,False,False,
20321221,2032-12-21,2032,12,21,Terça-feira,False,4,False,False,
20321222,2032-12-22,2032,12,22,Quarta-feira,False,4,False,False,
20321223,2032-12-23,2032,12,23,Quinta-feira,False,4,False,False,
20321224,2032-12-24,2032,12,24,Sexta-feira,False,4,False,True,Véspera de Natal
20321225,2032-12-25,2032,12,25,Sábado,True,4,False,True,Natal
20321226,2032-12-26,2032,12,26,Domingo,True,4,False,False,
20321227,2032-12-27,2032,12,27,Segunda-feira,False,4,False,False,
20321228,2032-12-28,2032,12,28,Terça-feira,False,4,False,False,
20321229,2032-12-29,2032,12,29,Quarta-feira,False,4,False,False,
20321230,2032-12-30,2032,12,30,Quinta-feira,False,4,False,False,
20321231,2032-12-31,2032,12,31,Sexta-feira,False,4,False,True,Véspera de Ano-Novo
20330101,2033-01-01,2033,1,1,Sábado,True,1,False,False,
20330102,2033-01-02,2033,1,2,Domingo,True,1,False,False,
20330103,2033-01-03,2033,1,3,Segunda-feira,False,1,False,False,
20330104,2033-01-04,2033,1,4,Terça-feira,False,1,False,False,
20330105,2033-01-05,2033,1,5,Quarta-feira,False,1,False,False,
20330106,2033-01-06,2033,1,6,Quinta-feira,False,1,False,False,
20330107,2033-01-07,2033,1,7,Sexta-feira,False,1,False,False,
20330108,2033-01-08,2033,1,8,Sábado,True,1,False,False,
20330109,2033-01-09,2033,1,9,Domingo,True,1,False,False,
20330110,2033-01-10,2033,1,10,Segunda-feira,False,1,False,False,
20330111,2033-01-11,2033,1,11,Terça-feira,False,1,False,False,
20330112,2033-01-12,2033,1,12,Quarta-feira,False,1,False,False,
20330113,2033-01-13,2033,1,13,Quinta-feira,False,1,False,False,
20330114,2033-01-14,2033,1,14,Sexta-feira,False,1,False,False,
20330115,2033-01-15,2033,1,15,Sábado,True,1,False,False,
20330116,2033-01-16,2033,1,16,Domingo,True,1,False,False,
20330117,2033-01-17,2033,1,17,Segunda-feira,False,1,False,False,
20330118,2033-01-18,2033,1,18,Terça-feira,False,1,False,False,
20330119,2033-01-19,2033,1,19,Quarta-feira,False,1,False,False,
20330120,2033-01-20,2033,1,20,Quinta-feira,False,1,False,False,
20330121,2033-01-21,2033,1,21,Sexta-feira,False,1,False,False,
20330122,2033-01-22,2033,1,22,Sábado,True,1,False,False,
20330123,2033-01-23,2033,1,23,Domingo,True,1,False,False,
20330124,2033-01-24,2033,1,24,Segunda-feira,False,1,False,False,
20330125,2033-01-25,2033,1,25,Terça-feira,False,1,False,False,
20330126,2033-01-26,2033,1,26,Quarta-feira,False,1,False,False,
20330127,2033-01-27,2033,1,27,Quinta-feira,False,1,False,False,
20330128,2033-01-28,2033,1,28,Sexta-feira,False,1,False,False,
20330129,2033-01-29,2033,1,29,Sábado,True,1,False,False,
20330130,2033-01-30,2033,1,30,Domingo,True,1,False,False,
20330131,2033-01-31,2033,1,31,Segunda-feira,False,1,False,False,
20330201,2033-02-01,2033,2,1,Terça-feira,False,1,False,False,
20330202,2033-02-02,2033,2,2,Quarta-feira,False,1,False,False,
20330203,2033-02-03,2033,2,3,Quinta-feira,False,1,False,False,
20330204,2033-02-04,2033,2,4,Sexta-feira,False,1,False,False,
20330205,2033-02-05,2033,2,5,Sábado,True,1,False,False,
20330206,2033-02-06,2033,2,6,Domingo,True,1,False,False,
20330207,2033-02-07,2033,2,7,Segunda-feira,False,1,False,False,
20330208,2033-02-08,2033,2,8,Terça-feira,False,1,False,False,
20330209,2033-02-09,2033,2,9,Quarta-feira,False,1,False,False,
20330210,2033-02-10,2033,2,10,Quinta-feira,False,1,False,False,
20330211,2033-02-11,2033,2,11,Sexta-feira,False,1,False,False,
20330212,2033-02-12,2033,2,12,Sábado,True,1,False,False,
20330213,2033-02-13,2033,2,13,Domingo,True,1,False,False,
20330214,2033-02-14,2033,2,14,Segunda-feira,False,1,False,False,
20330215,2033-02-15,2033,2,15,Terça-feira,False,1,False,False,
20330216,2033-02-16,2033,2,16,Quarta-feira,False,1,False,False,
20330217,2033-02-17,2033,2,17,Quinta-feira,False,1,False,False,
20330218,2033-02-18,2033,2,18,Sexta-feira,False,1,False,False,
20330219,2033-02-19,2033,2,19,Sábado,True,1,False,False,
20330220,2033-02-20,2033,2,20,Domingo,True,1,False,False,
20330221,2033-02-21,2033,2,21,Segunda-feira,False,1,False,False,
20330222,2033-02-22,2033,2,22,Terça-feira,False,1,False,False,
20330223,2033-02-23,2033,2,23,Quarta-feira,False,1,False,False,
20330224,2033-02-24,2033,2,24,Quinta-feira,False,1,False,False,
20330225,2033-02-25,2033,2,25,Sexta-feira,False,1,False,False,
20330226,2033-02-26,2033,2,26,Sábado,True,1,False,False,
20330227,2033-02-27,2033,2,27,Domingo,True,1,False,False,
20330228,2033-02-28,2033,2,28,Segunda-feira,False,1,False,False,
20330301,2033-03-01,2033,3,1,Terça-feira,False,1,False,False,
20330302,2033-03-02,2033,3,2,Quarta-feira,False,1,False,False,
20330303,2033-03-03,2033,3,3,Quinta-feira,False,1,False,False,
20330304,2033-03-04,2033,3,4,Sexta-feira,False,1,False,False,
20330305,2033-03-05,2033,3,5,Sábado,True,1,False,False,
20330306,2033-03-06,2033,3,6,Domingo,True,1,False,False,
20330307,2033-03-07,2033,3,7,Segunda-feira,False,1,False,False,
20330308,2033-03-08,2033,3,8,Terça-feira,False,1,False,False,
20330309,2033-03-09,2033,3,9,Quarta-feira,False,1,False,False,
20330310,2033-03-10,2033,3,10,Quinta-feira,False,1,False,False,
20330311,2033-03-11,2033,3,11,Sexta-feira,False,1,False,False,
20330312,2033-03-12,2033,3,12,Sábado,True,1,False,False,
20330313,2033-03-13,2033,3,13,Domingo,True,1,False,False,
20330314,2033-03-14,2033,3,14,Segunda-feira,False,1,False,False,
20330315,2033-03-15,2033,3,15,Terça-feira,False,1,False,False,
20330316,2033-03-16,2033,3,16,Quarta-feira,False,1,False,False,
20330317,2033-03-17,2033,3,17,Quinta-feira,False,1,False,False,
20330318,2033-03-18,2033,3,18,Sexta-feira,False,1,False,False,
20330319,2033-03-19,2033,3,19,Sábado,True,1,False,False,
20330320,2033-03-20,2033,3,20,Domingo,True,1,False,False,
20330321,2033-03-21,2033,3,21,Segunda-feira,False,1,False,False,
20330322,2033-03-22,2033,3,22,Terça-feira,False,1,False,False,
20330323,2033-03-23,2033,3,23,Quarta-feira,False,1,False,False,
20330324,2033-03-24,2033,3,24,Quinta-feira,False,1,False,False,
20330325,2033-03-25,2033,3,25,Sexta-feira,False,1,False,False,
20330326,2033-03-26,2033,3,26,Sábado,True,1,False,False,
20330327,2033-03-27,2033,3,27,Domingo,True,1,False,False,
20330328,2033-03-28,2033,3,28,Segunda-feira,False,1,False,False,
20330329,2033-03-29,2033,3,29,Terça-feira,False,1,False,False,
20330330,2033-03-30,2033,3,30,Quarta-feira,False,1,False,False,
20330331,2033-03-31,2033,3,31,Quinta-feira,False,1,False,False,
20330401,2033-04-01,2033,4,1,Sexta-feira,False,2,False,False,
20330402,2033-04-02,2033,4,2,Sábado,True,2,False,False,
20330403,2033-04-03,2033,4,3,Domingo,True,2,False,False,
20330404,2033-04-04,2033,4,4,Segunda-feira,False,2,False,False,
20330405,2033-04-05,2033,4,5,Terça-feira,False,2,False,False,
20330406,2033-04-06,2033,4,6,Quarta-feira,False,2,False,False,
20330407,2033-04-07,2033,4,7,Quinta-feira,False,2,False,False,
20330408,2033-04-08,2033,4,8,Sexta-feira,False,2,False,False,
20330409,2033-04-09,2033,4,9,Sábado,True,2,False,False,
20330410,2033-04-10,2033,4,10,Domingo,True,2,False,False,
20330411,2033-04-11,2033,4,11,Segunda-feira,False,2,False,False,
20330412,2033-04-12,2033,4,12,Terça-feira,False,2,False,False,
20330413,2033-04-13,2033,4,13,Quarta-feira,False,2,False,False,
20330414,2033-04-14,2033,4,14,Quinta-feira,False,2,False,False,
20330415,2033-04-15,2033,4,15,Sexta-feira,False,2,False,False,
20330416,2033-04-16,2033,4,16,Sábado,True,2,False,False,
20330417,2033-04-17,2033,4,17,Domingo,True,2,False,False,
20330418,2033-04-18,2033,4,18,Segunda-feira,False,2,False,False,
20330419,2033-04-19,2033,4,19,Terça-feira,False,2,False,False,
20330420,2033-04-20,2033,4,20,Quarta-feira,False,2,False,False,
20330421,2033-04-21,2033,4,21,Quinta-feira,False,2,False,False,
20330422,2033-04-22,2033,4,22,Sexta-feira,False,2,False,False,
20330423,2033-04-23,2033,4,23,Sábado,True,2,False,False,
20330424,2033-04-24,2033,4,24,Domingo,True,2,False,False,
20330425,2033-04-25,2033,4,25,Segunda-feira,False,2,False,False,
20330426,2033-04-26,2033,4,26,Terça-feira,False,2,False,False,
20330427,2033-04-27,2033,4,27,Quarta-feira,False,2,False,False,
20330428,2033-04-28,2033,4,28,Quinta-feira,False,2,False,False,
20330429,2033-04-29,2033,4,29,Sexta-feira,False,2,False,False,
20330430,2033-04-30,2033,4,30,Sábado,True,2,False,False,
20330501,2033-05-01,2033,5,1,Domingo,True,2,False,False,
20330502,2033-05-02,2033,5,2,Segunda-feira,False,2,False,False,
20330503,2033-05-03,2033,5,3,Terça-feira,False,2,False,False,
20330504,2033-05-04,2033,5,4,Quarta-feira,False,2,False,False,
20330505,2033-05-05,2033,5,5,Quinta-feira,False,2,False,False,
20330506,2033-05-06,2033,5,6,Sexta-feira,False,2,False,False,
20330507,2033-05-07,2033,5,7,Sábado,True,2,False,False,
20330508,2033-05-08,2033,5,8,Domingo,True,2,False,False,
20330509,2033-05-09,2033,5,9,Segunda-feira,False,2,False,False,
20330510,2033-05-10,2033,5,10,Terça-feira,False,2,False,False,
20330511,2033-05-11,2033,5,11,Quarta-feira,False,2,False,False,
20330512,2033-05-12,2033,5,12,Quinta-feira,False,2,False,False,
20330513,2033-05-13,2033,5,13,Sexta-feira,False,2,False,False,
20330514,2033-05-14,2033,5,14,Sábado,True,2,False,False,
20330515,2033-05-15,2033,5,15,Domingo,True,2,False,False,
20330516,2033-05-16,2033,5,16,Segunda-feira,False,2,False,False,
20330517,2033-05-17,2033,5,17,Terça-feira,False,2,False,False,
20330518,2033-05-18,2033,5,18,Quarta-feira,False,2,False,False,
20330519,2033-05-19,2033,5,19,Quinta-feira,False,2,False,False,
20330520,2033-05-20,2033,5,20,Sexta-feira,False,2,False,False,
20330521,2033-05-21,2033,5,21,Sábado,True,2,False,False,
20330522,2033-05-22,2033,5,22,Domingo,True,2,False,False,
20330523,2033-05-23,2033,5,23,Segunda-feira,False,2,False,False,
20330524,2033-05-24,2033,5,24,Terça-feira,False,2,False,False,
20330525,2033-05-25,2033,5,25,Quarta-feira,False,2,False,False,
20330526,2033-05-26,2033,5,26,Quinta-feira,False,2,False,False,
20330527,2033-05-27,2033,5,27,Sexta-feira,False,2,False,False,
20330528,2033-05-28,2033,5,28,Sábado,True,2,False,False,
20330529,2033-05-29,2033,5,29,Domingo,True,2,False,False,
20330530,2033-05-30,2033,5,30,Segunda-feira,False,2,False,False,
20330531,2033-05-31,2033,5,31,Terça-feira,False,2,False,False,
20330601,2033-06-01,2033,6,1,Quarta-feira,False,2,False,False,
20330602,2033-06-02,2033,6,2,Quinta-feira,False,2,False,False,
20330603,2033-06-03,2033,6,3,Sexta-feira,False,2,False,False,
20330604,2033-06-04,2033,6,4,Sábado,True,2,False,False,
20330605,2033-06-05,2033,6,5,Domingo,True,2,False,False,
20330606,2033-06-06,2033,6,6,Segunda-feira,False,2,False,False,
20330607,2033-06-07,2033,6,7,Terça-feira,False,2,False,False,
20330608,2033-06-08,2033,6,8,Quarta-feira,False,2,False,False,
20330609,2033-06-09,2033,6,9,Quinta-feira,False,2,False,False,
20330610,2033-06-10,2033,6,10,Sexta-feira,False,2,False,False,
20330611,2033-06-11,2033,6,11,Sábado,True,2,False,False,
20330612,2033-06-12,2033,6,12,Domingo,True,2,False,False,
20330613,2033-06-13,2033,6,13,Segunda-feira,False,2,False,False,
20330614,2033-06-14,2033,6,14,Terça-feira,False,2,False,False,
20330615,2033-06-15,2033,6,15,Quarta-feira,False,2,False,False,
20330616,2033-06-16,2033,6,16,Quinta-feira,False,2,False,False,
20330617,2033-06-17,2033,6,17,Sexta-feira,False,2,False,False,
20330618,2033-06-18,2033,6,18,Sábado,True,2,False,False,
20330619,2033-06-19,2033,6,19,Domingo,True,2,False,False,
20330620,2033-06-20,2033,6,20,Segunda-feira,False,2,False,False,
20330621,2033-06-21,2033,6,21,Terça-feira,False,2,False,False,
20330622,2033-06-22,2033,6,22,Quarta-feira,False,2,False,False,
20330623,2033-06-23,2033,6,23,Quinta-feira,False,2,False,False,
20330624,2033-06-24,2033,6,24,Sexta-feira,False,2,False,False,
20330625,2033-06-25,2033,6,25,Sábado,True,2,False,False,
20330626,2033-06-26,2033,6,26,Domingo,True,2,False,False,
20330627,2033-06-27,2033,6,27,Segunda-feira,False,2,False,False,
20330628,2033-06-28,2033,6,28,Terça-feira,False,2,False,False,
20330629,2033-06-29,2033,6,29,Quarta-feira,False,2,False,False,
20330630,2033-06-30,2033,6,30,Quinta-feira,False,2,False,False,
20330701,2033-07-01,2033,7,1,Sexta-feira,False,3,True,False,
20330702,2033-07-02,2033,7,2,Sábado,True,3,True,False,
20330703,2033-07-03,2033,7,3,Domingo,True,3,True,False,
20330704,2033-07-04,2033,7,4,Segunda-feira,False,3,True,False,
20330705,2033-07-05,2033,7,5,Terça-feira,False,3,True,False,
20330706,2033-07-06,2033,7,6,Quarta-feira,False,3,True,False,
20330707,2033-07-07,2033,7,7,Quinta-feira,False,3,True,False,
20330708,2033-07-08,2033,7,8,Sexta-feira,False,3,True,False,
20330709,2033-07-09,2033,7,9,Sábado,True,3,True,False,
20330710,2033-07-10,2033,7,10,Domingo,True,3,True,False,
20330711,2033-07-11,2033,7,11,Segunda-feira,False,3,True,False,
20330712,2033-07-12,2033,7,12,Terça-feira,False,3,True,False,
20330713,2033-07-13,2033,7,13,Quarta-feira,False,3,True,False,
20330714,2033-07-14,2033,7,14,Quinta-feira,False,3,True,False,
20330715,2033-07-15,2033,7,15,Sexta-feira,False,3,True,False,
20330716,2033-07-16,2033,7,16,Sábado,True,3,True,False,
20330717,2033-07-17,2033,7,17,Domingo,True,3,True,False,
20330718,2033-07-18,2033,7,18,Segunda-feira,False,3,True,False,
20330719,2033-07-19,2033,7,19,Terça-feira,False,3,True,False,
20330720,2033-07-20,2033,7,20,Quarta-feira,False,3,True,False,
20330721,2033-07-21,2033,7,21,Quinta-feira,False,3,True,False,
20330722,2033-07-22,2033,7,22,Sexta-feira,False,3,True,False,
20330723,2033-07-23,2033,7,23,Sábado,True,3,True,False,
20330724,2033-07-24,2033,7,24,Domingo,True,3,True,False,
20330725,2033-07-25,2033,7,25,Segunda-feira,False,3,True,False,
20330726,2033-07-26,2033,7,26,Terça-feira,False,3,True,False,
20330727,2033-07-27,2033,7,27,Quarta-feira,False,3,True,False,
20330728,2033-07-28,2033,7,28,Quinta-feira,False,3,True,False,
20330729,2033-07-29,2033,7,29,Sexta-feira,False,3,True,False,
20330730,2033-07-30,2033,7,30,Sábado,True,3,True,False,
20330731,2033-07-31,2033,7,31,Domingo,True,3,True,False,
20330801,2033-08-01,2033,8,1,Segunda-feira,False,3,False,False,
20330802,2033-08-02,2033,8,2,Terça-feira,False,3,False,False,
20330803,2033-08-03,2033,8,3,Quarta-feira,False,3,False,False,
20330804,2033-08-04,2033,8,4,Quinta-feira,False,3,False,False,
20330805,2033-08-05,2033,8,5,Sexta-feira,False,3,False,False,
20330806,2033-08-06,2033,8,6,Sábado,True,3,False,False,
20330807,2033-08-07,2033,8,7,Domingo,True,3,False,False,
20330808,2033-08-08,2033,8,8,Segunda-feira,False,3,False,False,
20330809,2033-08-09,2033,8,9,Terça-feira,False,3,False,False,
20330810,2033-08-10,2033,8,10,Quarta-feira,False,3,False,False,
20330811,2033-08-11,2033,8,11,Quinta-feira,False,3,False,False,
20330812,2033-08-12,2033,8,12,Sexta-feira,False,3,False,False,
20330813,2033-08-13,2033,8,13,Sábado,True,3,False,False,
20330814,2033-08-14,2033,8,14,Domingo,True,3,False,False,
20330815,2033-08-15,2033,8,15,Segunda-feira,False,3,False,False,
20330816,2033-08-16,2033,8,16,Terça-feira,False,3,False,False,
20330817,2033-08-17,2033,8,17,Quarta-feira,False,3,False,False,
20330818,2033-08-18,2033,8,18,Quinta-feira,False,3,False,False,
20330819,2033-08-19,2033,8,19,Sexta-feira,False,3,False,False,
20330820,2033-08-20,2033,8,20,Sábado,True,3,False,False,
20330821,2033-08-21,2033,8,21,Domingo,True,3,False,False,
20330822,2033-08-22,2033,8,22,Segunda-feira,False,3,False,False,
20330823,2033-08-23,2033,8,23,Terça-feira,False,3,False,False,
20330824,2033-08-24,2033,8,24,Quarta-feira,False,3,False,False,
20330825,2033-08-25,2033,8,25,Quinta-feira,False,3,False,False,
20330826,2033-08-26,2033,8,26,Sexta-feira,False,3,False,False,
20330827,2033-08-27,2033,8,27,Sábado,True,3,False,False,
20330828,2033-08-28,2033,8,28,Domingo,True,3,False,False,
20330829,2033-08-29,2033,8,29,Segunda-feira,False,3,False,False,
20330830,2033-08-30,2033,8,30,Terça-feira,False,3,False,False,
20330831,2033-08-31,2033,8,31,Quarta-feira,False,3,False,False,
20330901,2033-09-01,2033,9,1,Quinta-feira,False,3,False,False,
20330902,2033-09-02,2033,9,2,Sexta-feira,False,3,False,False,
20330903,2033-09-03,2033,9,3,Sábado,True,3,False,False,
20330904,2033-09-04,2033,9,4,Domingo,True,3,False,False,
20330905,2033-09-05,2033,9,5,Segunda-feira,False,3,False,False,
20330906,2033-09-06,2033,9,6,Terça-feira,False,3,False,False,
20330907,2033-09-07,2033,9,7,Quarta-feira,False,3,False,False,
20330908,2033-09-08,2033,9,8,Quinta-feira,False,3,False,False,
20330909,2033-09-09,2033,9,9,Sexta-feira,False,3,False,False,
20330910,2033-09-10,2033,9,10,Sábado,True,3,False,False,
20330911,2033-09-11,2033,9,11,Domingo,True,3,False,False,
20330912,2033-09-12,2033,9,12,Segunda-feira,False,3,False,False,
20330913,2033-09-13,2033,9,13,Terça-feira,False,3,False,False,
20330914,2033-09-14,2033,9,14,Quarta-feira,False,3,False,False,
20330915,2033-09-15,2033,9,15,Quinta-feira,False,3,False,False,
20330916,2033-09-16,2033,9,16,Sexta-feira,False,3,False,False,
20330917,2033-09-17,2033,9,17,Sábado,True,3,False,False,
20330918,2033-09-18,2033,9,18,Domingo,True,3,False,False,
20330919,2033-09-19,2033,9,19,Segunda-feira,False,3,False,False,
20330920,2033-09-20,2033,9,20,Terça-feira,False,3,False,False,
20330921,2033-09-21,2033,9,21,Quarta-feira,False,3,False,False,
20330922,2033-09-22,2033,9,22,Quinta-feira,False,3,False,False,
20330923,2033-09-23,2033,9,23,Sexta-feira,False,3,False,False,
20330924,2033-09-24,2033,9,24,Sábado,True,3,False,False,
20330925,2033-09-25,2033,9,25,Domingo,True,3,False,False,
20330926,2033-09-26,2033,9,26,Segunda-feira,False,3,False,False,
20330927,2033-09-27,2033,9,27,Terça-feira,False,3,False,False,
20330928,2033-09-28,2033,9,28,Quarta-feira,False,3,False,False,
20330929,2033-09-29,2033,9,29,Quinta-feira,False,3,False,False,
20330930,2033-09-30,2033,9,30,Sexta-feira,False,3,False,False,
20331001,2033-10-01,2033,10,1,Sábado,True,4,False,False,
20331002,2033-10-02,2033,10,2,Domingo,True,4,False,False,
20331003,2033-10-03,2033,10,3,Segunda-feira,False,4,False,False,
20331004,2033-10-04,2033,10,4,Terça-feira,False,4,False,False,
20331005,2033-10-05,2033,10,5,Quarta-feira,False,4,False,False,
20331006,2033-10-06,2033,10,6,Quinta-feira,False,4,False,False,
20331007,2033-10-07,2033,10,7,Sexta-feira,False,4,False,False,
20331008,2033-10-08,2033,10,8,Sábado,True,4,False,False,
20331009,2033-10-09,2033,10,9,Domingo,True,4,False,False,
20331010,2033-10-10,2033,10,10,Segunda-feira,False,4,False,False,
20331011,2033-10-11,2033,10,11,Terça-feira,False,4,False,False,
20331012,2033-10-12,2033,10,12,Quarta-feira,False,4,False,False,
20331013,2033-10-13,2033,10,13,Quinta-feira,False,4,False,False,
20331014,2033-10-14,2033,10,14,Sexta-feira,False,4,False,False,
20331015,2033-10-15,2033,10,15,Sábado,True,4,False,False,
20331016,2033-10-16,2033,10,16,Domingo,True,4,False,False,
20331017,2033-10-17,2033,10,17,Segunda-feira,False,4,False,False,
20331018,2033-10-18,2033,10,18,Terça-feira,False,4,False,False,
20331019,2033-10-19,2033,10,19,Quarta-feira,False,4,False,False,
20331020,2033-10-20,2033,10,20,Quinta-feira,False,4,False,False,
20331021,2033-10-21,2033,10,21,Sexta-feira,False,4,False,False,
20331022,2033-10-22,2033,10,22,Sábado,True,4,False,False,
20331023,2033-10-23,2033,10,23,Domingo,True,4,False,False,
20331024,2033-10-24,2033,10,24,Segunda-feira,False,4,False,False,
20331025,2033-10-25,2033,10,25,Terça-feira,False,4,False,False,
20331026,2033-10-26,2033,10,26,Quarta-feira,False,4,False,False,
20331027,2033-10-27,2033,10,27,Quinta-feira,False,4,False,False,
20331028,2033-10-28,2033,10,28,Sexta-feira,False,4,False,False,
20331029,2033-10-29,2033,10,29,Sábado,True,4,False,False,
20331030,2033-10-30,2033,10,30,Domingo,True,4,False,False,
20331031,2033-10-31,2033,10,31,Segunda-feira,False,4,False,False,
20331101,2033-11-01,2033,11,1,Terça-feira,False,4,False,False,
20331102,2033-11-02,2033,11,2,Quarta-feira,False,4,False,False,
20331103,2033-11-03,2033,11,3,Quinta-feira,False,4,False,False,
20331104,2033-11-04,2033,11,4,Sexta-feira,False,4,False,False,
20331105,2033-11-05,2033,11,5,Sábado,True,4,False,False,
20331106,2033-11-06,2033,11,6,Domingo,True,4,False,False,
20331107,2033-11-07,2033,11,7,Segunda-feira,False,4,False,False,
20331108,2033-11-08,2033,11,8,Terça-feira,False,4,False,False,
20331109,2033-11-09,2033,11,9,Quarta-feira,False,4,False,False,
20331110,2033-11-10,2033,11,10,Quinta-feira,False,4,False,False,
20331111,2033-11-11,2033,11,11,Sexta-feira,False,4,False,False,
20331112,2033-11-12,2033,11,12,Sábado,True,4,False,False,
20331113,2033-11-13,2033,11,13,Domingo,True,4,False,False,
20331114,2033-11-14,2033,11,14,Segunda-feira,False,4,False,False,
20331115,2033-11-15,2033,11,15,Terça-feira,False,4,False,False,
20331116,2033-11-16,2033,11,16,Quarta-feira,False,4,False,False,
20331117,2033-11-17,2033,11,17,Quinta-feira,False,4,False,False,
20331118,2033-11-18,2033,11,18,Sexta-feira,False,4,False,False,
20331119,2033-11-19,2033,11,19,Sábado,True,4,False,False,
20331120,2033-11-20,2033,11,20,Domingo,True,4,False,False,
20331121,2033-11-21,2033,11,21,Segunda-feira,False,4,False,False,
20331122,2033-11-22,2033,11,22,Terça-feira,False,4,False,False,
20331123,2033-11-23,2033,11,23,Quarta-feira,False,4,False,False,
20331124,2033-11-24,2033,11,24,Quinta-feira,False,4,False,False,
20331125,2033-11-25,2033,11,25,Sexta-feira,False,4,False,False,
20331126,2033-11-26,2033,11,26,Sábado,True,4,False,False,
20331127,2033-11-27,2033,11,27,Domingo,True,4,False,False,
20331128,2033-11-28,2033,11,28,Segunda-feira,False,4,False,False,
20331129,2033-11-29,2033,11,29,Terça-feira,False,4,False,False,
20331130,2033-11-30,2033,11,30,Quarta-feira,False,4,False,False,
20331201,2033-12-01,2033,12,1,Quinta-feira,False,4,False,False,
20331202,2033-12-02,2033,12,2,Sexta-feira,False,4,False,False,
20331203,2033-12-03,2033,12,3,Sábado,True,4,False,False,
20331204,2033-12-04,2033,12,4,Domingo,True,4,False,False,
20331205,2033-12-05,2033,12,5,Segunda-feira,False,4,False,False,
20331206,2033-12-06,2033,12,6,Terça-feira,False,4,False,False,
20331207,2033-12-07,2033,12,7,Quarta-feira,False,4,False,False,
20331208,2033-12-08,2033,12,8,Quinta-feira,False,4,False,False,
20331209,2033-12-09,2033,12,9,Sexta-feira,False,4,False,False,
20331210,2033-12-10,2033,12,10,Sábado,True,4,False,False,
20331211,2033-12-11,2033,12,11,Domingo,True,4,False,False,
20331212,2033-12-12,2033,12,12,Segunda-feira,False,4,False,False,
20331213,2033-12-13,2033,12,13,Terça-feira,False,4,False,False,
20331214,2033-12-14,2033,12,14,Quarta-feira,False,4,False,False,
20331215,2033-12-15,2033,12,15,Quinta-feira,False,4,False,False,
20331216,2033-12-16,2033,12,16,Sexta-feira,False,4,False,False,
20331217,2033-12-17,2033,12,17,Sábado,True,4,False,False,
20331218,2033-12-18,2033,12,18,Domingo,True,4,False,False,
20331219,2033-12-19,2033,12,19,Segunda-feira,False,4,False,False,
20331220,2033-12-20,2033,12,20,Terça-feira,False,4,False,False,
20331221,2033-12-21,2033,12,21,Quarta-feira,False,4,False,False,
20331222,2033-12-22,2033,12,22,Quinta-feira,False,4,False,False,
20331223,2033-12-23,2033,12,23,Sexta-feira,False,4,False,False,
20331224,2033-12-24,2033,12,24,Sábado,True,4,False,False,
20331225,2033-12-25,2033,12,25,Domingo,True,4,False,False,
20331226,2033-12-26,2033,12,26,Segunda-feira,False,4,False,False,
20331227,2033-12-27,2033,12,27,Terça-feira,False,4,False,False,
20331228,2033-12-28,2033,12,28,Quarta-feira,False,4,False,False,
20331229,2033-12-29,2033,12,29,Quinta-feira,False,4,False,False,
20331230,2033-12-30,2033,12,30,Sexta-feira,False,4,False,False,
20331231,2033-12-31,2033,12,31,Sábado,True,4,False,False,
